-- phpMyAdmin SQL Dump
-- version 5.0.4
-- https://www.phpmyadmin.net/
--
-- Host: 127.0.0.1
-- Creato il: Mar 12, 2021 alle 15:56
-- Versione del server: 10.4.17-MariaDB
-- Versione PHP: 8.0.1

SET SQL_MODE = "NO_AUTO_VALUE_ON_ZERO";
START TRANSACTION;
SET time_zone = "+00:00";


/*!40101 SET @OLD_CHARACTER_SET_CLIENT=@@CHARACTER_SET_CLIENT */;
/*!40101 SET @OLD_CHARACTER_SET_RESULTS=@@CHARACTER_SET_RESULTS */;
/*!40101 SET @OLD_COLLATION_CONNECTION=@@COLLATION_CONNECTION */;
/*!40101 SET NAMES utf8mb4 */;

--
-- Database: `gestionedvdfinal`
--

-- --------------------------------------------------------

--
-- Struttura della tabella `film`
--

CREATE TABLE `film` (
  `IDfilm` int(11) NOT NULL,
  `Titolo` varchar(100) CHARACTER SET utf8 NOT NULL,
  `IDregista` int(11) NOT NULL,
  `Anno` int(4) NOT NULL,
  `Durata` int(10) NOT NULL,
  `IDmood` int(11) NOT NULL,
  `IDstato` int(11) NOT NULL,
  `Immagine` text NOT NULL
) ENGINE=InnoDB DEFAULT CHARSET=utf8mb4;

--
-- Dump dei dati per la tabella `film`
--

INSERT INTO `film` (`IDfilm`, `Titolo`, `IDregista`, `Anno`, `Durata`, `IDmood`, `IDstato`, `Immagine`) VALUES
(1, 'Il padrino', 1, 1972, 177, 1, 1, 'https://m.media-amazon.com/images/M/MV5BM2MyNjYxNmUtYTAwNi00MTYxLWJmNWYtYzZlODY3ZTk3OTFlXkEyXkFqcGdeQXVyNzkwMjQ5NzM@._V1_UY209_CR3,0,140,209_AL_.jpg'),
(2, 'I predatori dell\'arca perduta', 2, 1981, 176, 1, 5, 'https://m.media-amazon.com/images/M/MV5BMjA0ODEzMTc1Nl5BMl5BanBnXkFtZTcwODM2MjAxNA@@._V1_UX140_CR0,0,140,209_AL_.jpg'),
(3, 'L\'Impero colpisce ancora', 3, 1980, 177, 1, 4, 'https://m.media-amazon.com/images/M/MV5BYmU1NDRjNDgtMzhiMi00NjZmLTg5NGItZDNiZjU5NTU4OTE0XkEyXkFqcGdeQXVyNzkwMjQ5NzM@._V1_UX140_CR0,0,140,209_AL_.jpg'),
(4, 'Le ali della libertà', 4, 1994, 178, 1, 4, 'https://m.media-amazon.com/images/M/MV5BMDFkYTc0MGEtZmNhMC00ZDIzLWFmNTEtODM1ZmRlYWMwMWFmXkEyXkFqcGdeQXVyMTMxODk2OTU@._V1_UY209_CR0,0,140,209_AL_.jpg'),
(5, 'Lo squalo', 2, 1975, 179, 1, 4, 'https://m.media-amazon.com/images/M/MV5BMmVmODY1MzEtYTMwZC00MzNhLWFkNDMtZjAwM2EwODUxZTA5XkEyXkFqcGdeQXVyNTAyODkwOQ@@._V1_UX140_CR0,0,140,209_AL_.jpg'),
(6, 'Quei bravi ragazzi', 5, 1990, 146, 1, 2, 'https://m.media-amazon.com/images/M/MV5BY2NkZjEzMDgtN2RjYy00YzM1LWI4ZmQtMjIwYjFjNmI3ZGEwXkEyXkFqcGdeQXVyNzkwMjQ5NzM@._V1_UX140_CR0,0,140,209_AL_.jpg'),
(7, 'Apocalypse Now', 1, 1979, 147, 1, 3, 'https://m.media-amazon.com/images/M/MV5BMDdhODg0MjYtYzBiOS00ZmI5LWEwZGYtZDEyNDU4MmQyNzFkXkEyXkFqcGdeQXVyNzkwMjQ5NzM@._V1_UX140_CR0,0,140,209_AL_.jpg'),
(8, 'Cantando sotto la pioggia', 6, 1952, 103, 1, 2, 'https://m.media-amazon.com/images/M/MV5BZDRjNGViMjQtOThlMi00MTA3LThkYzQtNzJkYjBkMGE0YzE1XkEyXkFqcGdeQXVyNDYyMDk5MTU@._V1_UY209_CR1,0,140,209_AL_.jpg'),
(9, 'Pulp Fiction', 7, 1994, 154, 1, 1, 'https://m.media-amazon.com/images/M/MV5BNGNhMDIzZTUtNTBlZi00MTRlLWFjM2ItYzViMjE3YzI5MjljXkEyXkFqcGdeQXVyNzkwMjQ5NzM@._V1_UY209_CR2,0,140,209_AL_.jpg'),
(10, 'Fight Club', 8, 1999, 139, 1, 2, 'https://m.media-amazon.com/images/M/MV5BMmEzNTkxYjQtZTc0MC00YTVjLTg5ZTEtZWMwOWVlYzY0NWIwXkEyXkFqcGdeQXVyNzkwMjQ5NzM@._V1_UX140_CR0,0,140,209_AL_.jpg'),
(11, 'Toro scatenato', 5, 1980, 129, 1, 3, 'https://m.media-amazon.com/images/M/MV5BYjRmODkzNDItMTNhNi00YjJlLTg0ZjAtODlhZTM0YzgzYThlXkEyXkFqcGdeQXVyNzQ1ODk3MTQ@._V1_UY209_CR1,0,140,209_AL_.jpg'),
(12, 'L\'appartamento', 9, 1960, 125, 1, 2, 'https://m.media-amazon.com/images/M/MV5BNzkwODFjNzItMmMwNi00MTU5LWE2MzktM2M4ZDczZGM1MmViXkEyXkFqcGdeQXVyNDY2MTk1ODk@._V1_UX140_CR0,0,140,209_AL_.jpg'),
(13, 'Chinatown', 10, 1974, 130, 1, 2, 'https://m.media-amazon.com/images/M/MV5BOGMwYmY5ZmEtMzY1Yi00OWJiLTk1Y2MtMzI2MjBhYmZkNTQ0XkEyXkFqcGdeQXVyNzkwMjQ5NzM@._V1_UX140_CR0,0,140,209_AL_.jpg'),
(14, 'C\'era una volta il West', 11, 1968, 165, 1, 4, 'https://m.media-amazon.com/images/M/MV5BZGI5MjBmYzYtMzJhZi00NGI1LTk3MzItYjBjMzcxM2U3MDdiXkEyXkFqcGdeQXVyNzkwMjQ5NzM@._V1_UX140_CR0,0,140,209_AL_.jpg'),
(15, 'Il cavaliere oscuro', 12, 2008, 152, 1, 2, 'https://m.media-amazon.com/images/M/MV5BMTMxNTMwODM0NF5BMl5BanBnXkFtZTcwODAyMTk2Mw@@._V1_UY209_CR0,0,140,209_AL_.jpg'),
(16, '2001: Odissea nello spazio', 13, 1968, 149, 1, 2, 'https://m.media-amazon.com/images/M/MV5BMmNlYzRiNDctZWNhMi00MzI4LThkZTctMTUzMmZkMmFmNThmXkEyXkFqcGdeQXVyNzkwMjQ5NzM@._V1_UY209_CR0,0,140,209_AL_.jpg'),
(17, 'Taxi Driver', 5, 1976, 114, 1, 3, 'https://m.media-amazon.com/images/M/MV5BM2M1MmVhNDgtNmI0YS00ZDNmLTkyNjctNTJiYTQ2N2NmYzc2XkEyXkFqcGdeQXVyNzkwMjQ5NzM@._V1_UX140_CR0,0,140,209_AL_.jpg'),
(18, 'Casablanca', 14, 1942, 192, 1, 2, 'https://m.media-amazon.com/images/M/MV5BY2IzZGY2YmEtYzljNS00NTM5LTgwMzUtMzM1NjQ4NGI0OTk0XkEyXkFqcGdeQXVyNDYyMDk5MTU@._V1_UX140_CR0,0,140,209_AL_.jpg'),
(19, 'Il padrino - Parte II', 1, 1974, 102, 1, 2, 'https://m.media-amazon.com/images/M/MV5BMWMwMGQzZTItY2JlNC00OWZiLWIyMDctNDk2ZDQ2YjRjMWQ0XkEyXkFqcGdeQXVyNzkwMjQ5NzM@._V1_UY209_CR3,0,140,209_AL_.jpg'),
(20, 'Blade Runner', 15, 1982, 202, 1, 1, 'https://m.media-amazon.com/images/M/MV5BNzQzMzJhZTEtOWM4NS00MTdhLTg0YjgtMjM4MDRkZjUwZDBlXkEyXkFqcGdeQXVyNjU0OTQ0OTY@._V1_UY209_CR0,0,140,209_AL_.jpg'),
(21, 'Il terzo uomo', 16, 1949, 104, 1, 2, 'https://m.media-amazon.com/images/M/MV5BYjE2OTdhMWUtOGJlMy00ZDViLWIzZjgtYjZkZGZmMDZjYmEyXkEyXkFqcGdeQXVyNzkwMjQ5NzM@._V1_UX140_CR0,0,140,209_AL_.jpg'),
(22, 'Guerre stellari', 17, 1977, 121, 1, 2, 'https://m.media-amazon.com/images/M/MV5BNzVlY2MwMjktM2E4OS00Y2Y3LWE3ZjctYzhkZGM3YzA1ZWM2XkEyXkFqcGdeQXVyNzkwMjQ5NzM@._V1_UX140_CR0,0,140,209_AL_.jpg'),
(23, 'Ritorno al futuro', 18, 1985, 116, 1, 2, 'https://m.media-amazon.com/images/M/MV5BZmU0M2Y1OGUtZjIxNi00ZjBkLTg1MjgtOWIyNThiZWIwYjRiXkEyXkFqcGdeQXVyMTQxNzMzNDI@._V1_UX140_CR0,0,140,209_AL_.jpg'),
(24, 'Il Signore degli Anelli - La  Compagnia dell\'Anello', 19, 2001, 178, 1, 3, 'https://m.media-amazon.com/images/M/MV5BN2EyZjM3NzUtNWUzMi00MTgxLWI0NTctMzY4M2VlOTdjZWRiXkEyXkFqcGdeQXVyNDUzOTQ5MjY@._V1_UY209_CR0,0,140,209_AL_.jpg'),
(25, 'Il dottor Stranamore - Ovvero: come ho imparato a non preoccuparmi e ad amare la bomba', 13, 1964, 95, 1, 2, 'https://m.media-amazon.com/images/M/MV5BZWI3ZTMxNjctMjdlNS00NmUwLWFiM2YtZDUyY2I3N2MxYTE0XkEyXkFqcGdeQXVyNzkwMjQ5NzM@._V1_UX140_CR0,0,140,209_AL_.jpg'),
(26, 'A qualcuno piace caldo', 9, 1959, 121, 1, 2, 'https://m.media-amazon.com/images/M/MV5BNzAyOGIxYjAtMGY2NC00ZTgyLWIwMWEtYzY0OWQ4NDFjOTc5XkEyXkFqcGdeQXVyNjU0OTQ0OTY@._V1_UX140_CR0,0,140,209_AL_.jpg'),
(27, 'Quarto potere', 20, 1941, 119, 1, 5, 'https://m.media-amazon.com/images/M/MV5BYjBiOTYxZWItMzdiZi00NjlkLWIzZTYtYmFhZjhiMTljOTdkXkEyXkFqcGdeQXVyNzkwMjQ5NzM@._V1_UX140_CR0,0,140,209_AL_.jpg'),
(28, 'Trappola di cristallo', 21, 1988, 132, 1, 2, 'https://m.media-amazon.com/images/M/MV5BZjRlNDUxZjAtOGQ4OC00OTNlLTgxNmQtYTBmMDgwZmNmNjkxXkEyXkFqcGdeQXVyNzkwMjQ5NzM@._V1_UX140_CR0,0,140,209_AL_.jpg'),
(29, 'Aliens - Scontro finale', 22, 1986, 137, 1, 2, 'https://m.media-amazon.com/images/M/MV5BZGU2OGY5ZTYtMWNhYy00NjZiLWI0NjUtZmNhY2JhNDRmODU3XkEyXkFqcGdeQXVyNzkwMjQ5NzM@._V1_UX140_CR0,0,140,209_AL_.jpg'),
(30, 'Via col vento', 23, 1939, 238, 1, 4, 'https://m.media-amazon.com/images/M/MV5BYjUyZWZkM2UtMzYxYy00ZmQ3LWFmZTQtOGE2YjBkNjA3YWZlXkEyXkFqcGdeQXVyNzkwMjQ5NzM@._V1_UX140_CR0,0,140,209_AL_.jpg'),
(31, 'Butch Cassidy', 24, 1969, 110, 1, 1, 'https://m.media-amazon.com/images/M/MV5BMTkyMTM2NDk5Nl5BMl5BanBnXkFtZTgwNzY1NzEyMDE@._V1_UY209_CR0,0,140,209_AL_.jpg'),
(32, 'Alien', 15, 1979, 117, 1, 1, 'https://m.media-amazon.com/images/M/MV5BMmQ2MmU3NzktZjAxOC00ZDZhLTk4YzEtMDMyMzcxY2IwMDAyXkEyXkFqcGdeQXVyNzkwMjQ5NzM@._V1_UY209_CR1,0,140,209_AL_.jpg'),
(33, 'Il Signore degli Anelli - Il ritorno del re', 19, 2003, 201, 1, 1, 'https://m.media-amazon.com/images/M/MV5BNzA5ZDNlZWMtM2NhNS00NDJjLTk4NDItYTRmY2EwMWZlMTY3XkEyXkFqcGdeQXVyNzkwMjQ5NzM@._V1_UY209_CR0,0,140,209_AL_.jpg'),
(34, 'Terminator 2 - Il giorno del giudizio', 22, 1991, 137, 1, 2, 'https://m.media-amazon.com/images/M/MV5BMGU2NzRmZjUtOGUxYS00ZjdjLWEwZWItY2NlM2JhNjkxNTFmXkEyXkFqcGdeQXVyNjU0OTQ0OTY@._V1_UY209_CR0,0,140,209_AL_.jpg'),
(35, 'Andrej Rublov', 25, 1969, 205, 1, 2, 'https://m.media-amazon.com/images/M/MV5BNjM2MjMwNzUzN15BMl5BanBnXkFtZTgwMjEzMzE5MTE@._V1_UY209_CR6,0,140,209_AL_.jpg'),
(36, 'Arancia meccanica', 13, 1971, 136, 1, 2, 'https://m.media-amazon.com/images/M/MV5BMTY3MjM1Mzc4N15BMl5BanBnXkFtZTgwODM0NzAxMDE@._V1_UY209_CR0,0,140,209_AL_.jpg'),
(37, 'Heat - La sfida', 26, 1995, 170, 1, 2, 'https://m.media-amazon.com/images/M/MV5BNGMwNzUwNjYtZWM5NS00YzMyLWI4NjAtNjM0ZDBiMzE1YWExXkEyXkFqcGdeQXVyNDk3NzU2MTQ@._V1_UY209_CR1,0,140,209_AL_.jpg'),
(38, 'Matrix', 27, 1999, 213, 1, 4, 'https://m.media-amazon.com/images/M/MV5BNzQzOTk3OTAtNDQ0Zi00ZTVkLWI0MTEtMDllZjNkYzNjNTc4L2ltYWdlXkEyXkFqcGdeQXVyNjU0OTQ0OTY@._V1_UX140_CR0,0,140,209_AL_.jpg'),
(39, 'La donna che visse due volte', 28, 1958, 128, 1, 2, 'https://m.media-amazon.com/images/M/MV5BYTE4ODEwZDUtNDFjOC00NjAxLWEzYTQtYTI1NGVmZmFlNjdiL2ltYWdlL2ltYWdlXkEyXkFqcGdeQXVyNjc1NTYyMjg@._V1_UX140_CR0,0,140,209_AL_.jpg'),
(40, 'I 400 colpi', 29, 1959, 99, 1, 2, 'https://m.media-amazon.com/images/M/MV5BYTQ4MjA4NmYtYjRhNi00MTEwLTg0NjgtNjk3ODJlZGU4NjRkL2ltYWdlL2ltYWdlXkEyXkFqcGdeQXVyNjU0OTQ0OTY@._V1_UY209_CR8,0,140,209_AL_.jpg'),
(41, 'Sangue blu', 30, 1949, 106, 1, 2, 'https://m.media-amazon.com/images/M/MV5BZjc1Yzc0ZmItMzU1OS00OWVlLThmYTctMWNlYmFlMjkxMzc0XkEyXkFqcGdeQXVyNTA1NjYyMDk@._V1_UY209_CR69,0,140,209_AL_.jpg'),
(42, 'Il grande Lebowski', 31, 1998, 117, 1, 1, 'https://m.media-amazon.com/images/M/MV5BMTQ0NjUzMDMyOF5BMl5BanBnXkFtZTgwODA1OTU0MDE@._V1_UY209_CR0,0,140,209_AL_.jpg'),
(43, 'Schindler\'s List -', 2, 1993, 195, 1, 2, 'https://m.media-amazon.com/images/M/MV5BNDE4OTMxMTctNmRhYy00NWE2LTg3YzItYTk3M2UwOTU5Njg4XkEyXkFqcGdeQXVyNjU0OTQ0OTY@._V1_UX140_CR0,0,140,209_AL_.jpg'),
(44, 'Psyco', 28, 1960, 109, 1, 2, 'https://m.media-amazon.com/images/M/MV5BNTQwNDM1YzItNDAxZC00NWY2LTk0M2UtNDIwNWI5OGUyNWUxXkEyXkFqcGdeQXVyNzkwMjQ5NzM@._V1_UY209_CR0,0,140,209_AL_.jpg'),
(45, 'Fronte del porto', 32, 1954, 108, 1, 2, 'https://m.media-amazon.com/images/M/MV5BY2I0MWFiZDMtNWQyYy00Njk5LTk3MDktZjZjNTNmZmVkYjkxXkEyXkFqcGdeQXVyNjc1NTYyMjg@._V1_UX140_CR0,0,140,209_AL_.jpg'),
(46, 'E.T. l\'extra-terrestre', 2, 1982, 115, 1, 3, 'https://m.media-amazon.com/images/M/MV5BMTQ2ODFlMDAtNzdhOC00ZDYzLWE3YTMtNDU4ZGFmZmJmYTczXkEyXkFqcGdeQXVyMTQxNzMzNDI@._V1_UX140_CR0,0,140,209_AL_.jpg'),
(47, 'This Is Spinal Tap', 33, 1984, 82, 1, 2, 'https://m.media-amazon.com/images/M/MV5BMTQ2MTIzMzg5Nl5BMl5BanBnXkFtZTgwOTc5NDI1MDE@._V1_UX140_CR0,0,140,209_AL_.jpg'),
(48, 'La casa 2', 34, 1987, 84, 1, 2, 'https://m.media-amazon.com/images/M/MV5BMWY3ODZlOGMtNzJmOS00ZTNjLWI3ZWEtZTJhZTk5NDZjYWRjXkEyXkFqcGdeQXVyNjU0OTQ0OTY@._V1_UX140_CR0,0,140,209_AL_.jpg'),
(49, 'I sette samurai', 35, 1954, 207, 1, 2, 'https://m.media-amazon.com/images/M/MV5BOWE4ZDdhNmMtNzE5ZC00NzExLTlhNGMtY2ZhYjYzODEzODA1XkEyXkFqcGdeQXVyNTAyODkwOQ@@._V1_UY209_CR4,0,140,209_AL_.jpg'),
(50, 'Il buono, il brutto, il cattivo', 11, 1966, 161, 1, 1, 'https://m.media-amazon.com/images/M/MV5BOTQ5NDI3MTI4MF5BMl5BanBnXkFtZTgwNDQ4ODE5MDE@._V1_UX140_CR0,0,140,209_AL_.jpg'),
(62, 'Casino Royale', 295, 2006, 144, 3, 3, 'https://m.media-amazon.com/images/M/MV5BMDI5ZWJhOWItYTlhOC00YWNhLTlkNzctNDU5YTI1M2E1MWZhXkEyXkFqcGdeQXVyNTIzOTk5ODM@._V1_UY209_CR0,0,140,209_AL_.jpg'),
(63, 'prova1Fix', 2, 1990, 190, 1, 1, 'ciao'),
(64, 'prova2', 296, 1990, 190, 1, 1, 'miao'),
(65, '8 1/2', 297, 1963, 138, 4, 2, 'https://m.media-amazon.com/images/M/MV5BMTQ4MTA0NjEzMF5BMl5BanBnXkFtZTgwMDg4NDYxMzE@._V1_UY209_CR5,0,140,209_AL_.jpg'),
(66, 'Shining', 13, 1980, 146, 4, 1, 'https://m.media-amazon.com/images/M/MV5BZWFlYmY2MGEtZjVkYS00YzU4LTg0YjQtYzY1ZGE3NTA5NGQxXkEyXkFqcGdeQXVyMTQxNzMzNDI@._V1_UX140_CR0,0,140,209_AL_.jpg'),
(67, 'Donnie Darko', 298, 2001, 113, 2, 3, 'https://m.media-amazon.com/images/M/MV5BZjZlZDlkYTktMmU1My00ZDBiLWFlNjEtYTBhNjVhOTM4ZjJjXkEyXkFqcGdeQXVyMTMxODk2OTU@._V1_UX140_CR0,0,140,209_AL_.jpg'),
(68, 'Il Signore degli Anelli - Le due torri', 19, 2002, 179, 1, 1, 'https://m.media-amazon.com/images/M/MV5BZGMxZTdjZmYtMmE2Ni00ZTdkLWI5NTgtNjlmMjBiNzU2MmI5XkEyXkFqcGdeQXVyNjU0OTQ0OTY@._V1_UX140_CR0,0,140,209_AL_.jpg'),
(69, 'La dolce vita', 297, 1960, 174, 3, 4, 'https://m.media-amazon.com/images/M/MV5BODQ0NzY5NGEtYTc5NC00Yjg4LTg4Y2QtZjE2MTkyYTNmNmU2L2ltYWdlL2ltYWdlXkEyXkFqcGdeQXVyNjc1NTYyMjg@._V1_UY209_CR4,0,140,209_AL_.jpg'),
(70, 'Lawrence D\'Arabia', 299, 1962, 228, 3, 1, 'https://m.media-amazon.com/images/M/MV5BYWY5ZjhjNGYtZmI2Ny00ODM0LWFkNzgtZmI1YzA2N2MxMzA0XkEyXkFqcGdeQXVyNjUwNzk3NDc@._V1_UY209_CR2,0,140,209_AL_.jpg'),
(71, 'La signora del venerd', 300, 1940, 92, 2, 2, 'https://m.media-amazon.com/images/M/MV5BZDVmZTZkYjMtNmViZC00ODEzLTgwNDAtNmQ3OGQwOWY5YjFmXkEyXkFqcGdeQXVyNDY2MTk1ODk@._V1_UX140_CR0,0,140,209_AL_.jpg'),
(72, 'Incontri ravvicinati de terzo tipo', 2, 1977, 138, 1, 3, 'https://m.media-amazon.com/images/M/MV5BMjM1NjE5NjQxN15BMl5BanBnXkFtZTgwMjYzMzQxMDE@._V1_UY209_CR0,0,140,209_AL_.jpg'),
(73, 'V… e vedi', 301, 1985, 142, 4, 4, 'https://m.media-amazon.com/images/M/MV5BODM4Njg0NTAtYjI5Ny00ZjAxLTkwNmItZTMxMWU5M2U3M2RjXkEyXkFqcGdeQXVyNzkwMjQ5NzM@._V1_UX140_CR0,0,140,209_AL_.jpg'),
(74, 'I soliti sospetti', 302, 1995, 106, 3, 5, 'https://m.media-amazon.com/images/M/MV5BYTViNjMyNmUtNDFkNC00ZDRlLThmMDUtZDU2YWE4NGI2ZjVmXkEyXkFqcGdeQXVyNjU0OTQ0OTY@._V1_UY209_CR0,0,140,209_AL_.jpg'),
(75, 'Il laureato', 303, 1967, 106, 5, 6, 'https://m.media-amazon.com/images/M/MV5BMTQ0ODc4MDk4Nl5BMl5BanBnXkFtZTcwMTEzNzgzNA@@._V1_UX140_CR0,0,140,209_AL_.jpg'),
(76, 'Viale del tramonto', 9, 1950, 110, 2, 5, 'https://m.media-amazon.com/images/M/MV5BMTU0NTkyNzYwMF5BMl5BanBnXkFtZTgwMDU0NDk5MTI@._V1_UX140_CR0,0,140,209_AL_.jpg'),
(77, 'Oldboy', 304, 2003, 120, 3, 4, 'https://m.media-amazon.com/images/M/MV5BMTI3NTQyMzU5M15BMl5BanBnXkFtZTcwMTM2MjgyMQ@@._V1_UY209_CR0,0,140,209_AL_.jpg'),
(78, 'Harold e Maude', 305, 1971, 91, 5, 3, 'https://m.media-amazon.com/images/M/MV5BY2M5Mzg3NjctZTlkNy00MTU0LWFlYTQtY2E2Y2M4NjNiNzllXkEyXkFqcGdeQXVyMTAwMzUyOTc@._V1_UX140_CR0,0,140,209_AL_.jpg'),
(79, 'Edward mani di forbice', 306, 1990, 105, 2, 2, 'https://m.media-amazon.com/images/M/MV5BNDUxN2I5NDUtZjdlMC00NjlmLTg0OTQtNjk0NjAxZjFmZTUzXkEyXkFqcGdeQXVyMTQxNzMzNDI@._V1_UY209_CR0,0,140,209_AL_.jpg'),
(80, 'Viaggio a Tokyo', 307, 1953, 136, 4, 1, 'https://m.media-amazon.com/images/M/MV5BYWQ4ZTRiODktNjAzZC00Nzg1LTk1YWQtNDFmNDI0NmZiNGIwXkEyXkFqcGdeQXVyNzkwMjQ5NzM@._V1_UY209_CR2,0,140,209_AL_.jpg'),
(81, 'Io e Annie', 308, 1977, 93, 5, 6, 'https://m.media-amazon.com/images/M/MV5BZDg1OGQ4YzgtM2Y2NS00NjA3LWFjYTctMDRlMDI3NWE1OTUyXkEyXkFqcGdeQXVyMjUzOTY1NTc@._V1_UX140_CR0,0,140,209_AL_.jpg'),
(82, 'Tre colori - Film rosso', 309, 1994, 99, 5, 2, 'https://m.media-amazon.com/images/M/MV5BYTg1MmNiMjItMmY4Yy00ZDQ3LThjMzYtZGQ0ZTQzNTdkMGQ1L2ltYWdlL2ltYWdlXkEyXkFqcGdeQXVyMTQxNzMzNDI@._V1_UX140_CR0,0,140,209_AL_.jpg'),
(83, 'Stand by Me - Ricordo di un\'estate', 33, 1986, 89, 4, 3, 'https://m.media-amazon.com/images/M/MV5BODJmY2Y2OGQtMDg2My00N2Q3LWJmZTUtYTc2ODBjZDVlNDlhXkEyXkFqcGdeQXVyMTQxNzMzNDI@._V1_UX140_CR0,0,140,209_AL_.jpg'),
(84, 'La morte corre sul fiume', 310, 1955, 92, 2, 4, 'https://m.media-amazon.com/images/M/MV5BYTNjN2M2MzYtZGEwMi00Mzc5LWEwYTMtODM1ZmRiZjFiNTU0L2ltYWdlL2ltYWdlXkEyXkFqcGdeQXVyNjc1NTYyMjg@._V1_UY209_CR0,0,140,209_AL_.jpg'),
(85, 'La parola ai giurati', 311, 1957, 96, 2, 5, 'https://m.media-amazon.com/images/M/MV5BMWU4N2FjNzYtNTVkNC00NzQ0LTg0MjAtYTJlMjFhNGUxZDFmXkEyXkFqcGdeQXVyNjc1NTYyMjg@._V1_UX140_CR0,0,140,209_AL_.jpg'),
(86, 'Se mi lasci ti cancello', 312, 2004, 108, 5, 6, 'https://m.media-amazon.com/images/M/MV5BMTY4NzcwODg3Nl5BMl5BanBnXkFtZTcwNTEwOTMyMw@@._V1_UY209_CR0,0,140,209_AL_.jpg'),
(87, 'Il tesoro della Sierra Madre', 313, 1948, 126, 2, 3, 'https://m.media-amazon.com/images/M/MV5BOTJlZWMxYzEtMjlkMS00ODE0LThlM2ItMDI3NGQ2YjhmMzkxXkEyXkFqcGdeQXVyMDI2NDg0NQ@@._V1_UX140_CR0,0,140,209_AL_.jpg'),
(88, 'Scala al paradiso', 314, 1946, 104, 3, 4, 'https://m.media-amazon.com/images/M/MV5BZmQzZjIyN2EtOWI5Ni00ZDgyLTk4NGQtZmQ3ZWRhODIyZTVlXkEyXkFqcGdeQXVyNzkwMjQ5NzM@._V1_UY209_CR1,0,140,209_AL_.jpg'),
(89, 'Manhattan', 308, 1979, 96, 5, 5, 'https://m.media-amazon.com/images/M/MV5BMzdmY2I3MmEtOGFiZi00MTg1LWIxY2QtNWUwM2NmNWNlY2U5XkEyXkFqcGdeQXVyNDk3NzU2MTQ@._V1_UX140_CR0,0,140,209_AL_.jpg'),
(90, 'Spartacus', 13, 1960, 197, 2, 6, 'https://m.media-amazon.com/images/M/MV5BMjc4MTUxN2UtMmU1NC00MjQyLTk3YTYtZTQ0YzEzZDc0Njc0XkEyXkFqcGdeQXVyNjU0OTQ0OTY@._V1_UX140_CR0,0,140,209_AL_.jpg'),
(91, 'Rosemary\'s Baby - Nastro rosso a New York', 10, 1968, 137, 4, 4, 'https://m.media-amazon.com/images/M/MV5BZmEwZGU2NzctYzlmNi00MGJkLWE3N2MtYjBlN2ZhMGJkZTZiXkEyXkFqcGdeQXVyMTQxNzMzNDI@._V1_UX140_CR0,0,140,209_AL_.jpg'),
(92, 'La sottile linea rossa', 315, 1998, 170, 2, 3, 'https://m.media-amazon.com/images/M/MV5BYjEzMTM2NjAtNWFmZC00MTVlLTgyMmQtMGQyNTFjZDk5N2NmXkEyXkFqcGdeQXVyNzQ1ODk3MTQ@._V1_UY209_CR0,0,140,209_AL_.jpg'),
(93, 'Duello a Berlino', 314, 1943, 163, 5, 2, 'https://m.media-amazon.com/images/M/MV5BMzg2MzE5YTktNzc3NC00NTI0LTk3OGMtNzQ5OWE4NmJiZGRhXkEyXkFqcGdeQXVyMTk4MDgwNA@@._V1_UX140_CR0,0,140,209_AL_.jpg'),
(94, 'Batman Begins', 12, 2005, 140, 2, 1, 'https://m.media-amazon.com/images/M/MV5BOTY4YjI2N2MtYmFlMC00ZjcyLTg3YjEtMDQyM2ZjYzQ5YWFkXkEyXkFqcGdeQXVyMTQxNzMzNDI@._V1_UY209_CR0,0,140,209_AL_.jpg'),
(95, 'La grande fuga', 316, 1963, 172, 3, 3, 'https://m.media-amazon.com/images/M/MV5BNzA2NmYxMWUtNzBlMC00MWM2LTkwNmQtYTFlZjQwODNhOWE0XkEyXkFqcGdeQXVyNTIzOTk5ODM@._V1_UX140_CR0,0,140,209_AL_.jpg'),
(96, 'Brazil', 317, 1985, 132, 3, 2, 'https://m.media-amazon.com/images/M/MV5BMzIwM2IwYTItYmM4Zi00OWMzLTkwNjAtYWRmYWNmY2RhMDk0XkEyXkFqcGdeQXVyNjU0OTQ0OTY@._V1_UX140_CR0,0,140,209_AL_.jpg'),
(97, 'L.A. Confidential', 318, 1997, 138, 2, 4, 'https://m.media-amazon.com/images/M/MV5BMDQ2YzEyZGItYWRhOS00MjBmLTkzMDUtMTdjYzkyMmQxZTJlXkEyXkFqcGdeQXVyNjU0OTQ0OTY@._V1_UY209_CR1,0,140,209_AL_.jpg'),
(98, 'Velluto blu', 319, 1986, 120, 4, 5, 'https://m.media-amazon.com/images/M/MV5BMzExOTczNTgtN2Q1Yy00MmI1LWE0NjgtNmIwMzdmZGNlODU1XkEyXkFqcGdeQXVyNDkzNTM2ODg@._V1_UY209_CR1,0,140,209_AL_.jpg'),
(99, 'Carrie - Lo sguardo di Satana', 320, 1976, 98, 4, 6, 'https://m.media-amazon.com/images/M/MV5BMTlhNmVkZGUtNjdjOC00YWY3LTljZWQtMTY1YWFhNGYwNDQwXkEyXkFqcGdeQXVyNjc1NTYyMjg@._V1_UX140_CR0,0,140,209_AL_.jpg'),
(100, 'Re per una notte', 5, 1982, 109, 1, 4, 'https://m.media-amazon.com/images/M/MV5BMTViNjlkYjgtMmE3Zi00ZGVkLTkyMjMtNzc3YzAwNzNiODQ1XkEyXkFqcGdeQXVyMjA0MzYwMDY@._V1_UX140_CR0,0,140,209_AL_.jpg'),
(101, 'Una pazza giornata di vacanza', 321, 1986, 103, 1, 3, 'https://m.media-amazon.com/images/M/MV5BMDA0NjZhZWUtNmI2NC00MmFjLTgwZDYtYzVjZmNhMDVmOTBkXkEyXkFqcGdeQXVyMTQxNzMzNDI@._V1_UX140_CR0,0,140,209_AL_.jpg'),
(102, 'Magnolia', 322, 1999, 188, 4, 2, 'https://m.media-amazon.com/images/M/MV5BZjk3YThkNDktNjZjMS00MTBiLTllNTAtYzkzMTU0N2QwYjJjXkEyXkFqcGdeQXVyMTMxODk2OTU@._V1_UX140_CR0,0,140,209_AL_.jpg'),
(103, 'Harry, ti presento Sally?', 33, 1989, 95, 1, 2, 'https://m.media-amazon.com/images/M/MV5BMjE0ODEwNjM2NF5BMl5BanBnXkFtZTcwMjU2Mzg3NA@@._V1_UX140_CR0,0,140,209_AL_.jpg'),
(104, 'Il ritorno dello Jedi', 323, 1983, 131, 3, 1, 'https://m.media-amazon.com/images/M/MV5BOWZlMjFiYzgtMTUzNC00Y2IzLTk1NTMtZmNhMTczNTk0ODk1XkEyXkFqcGdeQXVyNTAyODkwOQ@@._V1_UX140_CR0,0,140,209_AL_.jpg'),
(105, 'C\'era una volta in America', 11, 1984, 229, 2, 1, 'https://m.media-amazon.com/images/M/MV5BMGFkNWI4MTMtNGQ0OC00MWVmLTk3MTktOGYxN2Y2YWVkZWE2XkEyXkFqcGdeQXVyNjU0OTQ0OTY@._V1_UX140_CR0,0,140,209_AL_.jpg'),
(106, 'Lo spirito dell\'alveare', 324, 1973, 98, 2, 3, 'https://m.media-amazon.com/images/M/MV5BZTRjNDQxZjQtNmMzYy00OWZjLWFhNmMtNGU2NDg1NjdjOTVjXkEyXkFqcGdeQXVyMTA0MjU0Ng@@._V1_UY209_CR4,0,140,209_AL_.jpg'),
(107, 'Il mucchio selvaggio', 325, 1969, 145, 3, 4, 'https://m.media-amazon.com/images/M/MV5BNGUyYTZmOWItMDJhMi00N2IxLWIyNDMtNjUxM2ZiYmU5YWU1XkEyXkFqcGdeQXVyNjc1NTYyMjg@._V1_UX140_CR0,0,140,209_AL_.jpg'),
(108, 'La sfida del samurai', 35, 1961, 110, 2, 5, 'https://m.media-amazon.com/images/M/MV5BZThiZjAzZjgtNDU3MC00YThhLThjYWUtZGRkYjc2ZWZlOTVjXkEyXkFqcGdeQXVyNTA4NzY1MzY@._V1_UX140_CR0,0,140,209_AL_.jpg'),
(109, 'American Beauty', 326, 1999, 122, 2, 6, 'https://m.media-amazon.com/images/M/MV5BNTBmZWJkNjctNDhiNC00MGE2LWEwOTctZTk5OGVhMWMyNmVhXkEyXkFqcGdeQXVyMTMxODk2OTU@._V1_UY209_CR0,0,140,209_AL_.jpg'),
(110, 'Le iene', 7, 1992, 99, 3, 5, 'https://m.media-amazon.com/images/M/MV5BZmExNmEwYWItYmQzOS00YjA5LTk2MjktZjEyZDE1Y2QxNjA1XkEyXkFqcGdeQXVyMTQxNzMzNDI@._V1_UY209_CR0,0,140,209_AL_.jpg'),
(111, 'Intrigo internazionale', 28, 1959, 136, 1, 4, 'https://m.media-amazon.com/images/M/MV5BZDA3NDExMTUtMDlhOC00MmQ5LWExZGUtYmI1NGVlZWI4OWNiXkEyXkFqcGdeQXVyNjc1NTYyMjg@._V1_UX140_CR0,0,140,209_AL_.jpg'),
(112, 'Toy Story - Il mondo dei giocattoli', 327, 1995, 81, 1, 3, 'https://m.media-amazon.com/images/M/MV5BMDU2ZWJlMjktMTRhMy00ZTA5LWEzNDgtYmNmZTEwZTViZWJkXkEyXkFqcGdeQXVyNDQ2OTk4MzI@._V1_UY209_CR0,0,140,209_AL_.jpg'),
(113, 'Quinto potere', 311, 1976, 121, 4, 4, 'https://m.media-amazon.com/images/M/MV5BZGNjYjM2MzItZGQzZi00NmY3LTgxOGUtMTQ2MWQxNWQ2MmMwXkEyXkFqcGdeQXVyNzM0MTUwNTY@._V1_UX140_CR0,0,140,209_AL_.jpg'),
(114, 'Arizona Junior', 328, 1987, 94, 2, 1, 'https://m.media-amazon.com/images/M/MV5BOGUwZTEwZTYtZmQ0OS00NmM1LWE2ZTQtNjZiYmE4ZmUxMjk1XkEyXkFqcGdeQXVyMTQxNzMzNDI@._V1_UX140_CR0,0,140,209_AL_.jpg'),
(115, 'Lo spaccone', 329, 1961, 134, 1, 3, 'https://m.media-amazon.com/images/M/MV5BNjhjODI2NTItMGE1ZS00NThiLWE1MmYtOWE3YzcyNzY1MTJlXkEyXkFqcGdeQXVyNTc1NTQxODI@._V1_UX140_CR0,0,140,209_AL_.jpg'),
(116, 'La finestra sul cortile', 28, 1954, 112, 6, 5, 'https://m.media-amazon.com/images/M/MV5BNGUxYWM3M2MtMGM3Mi00ZmRiLWE0NGQtZjE5ODI2OTJhNTU0XkEyXkFqcGdeQXVyMTQxNzMzNDI@._V1_UY209_CR1,0,140,209_AL_.jpg'),
(117, 'La regola del gioco', 330, 1939, 110, 2, 4, 'https://m.media-amazon.com/images/M/MV5BYTE4NjYxMGEtZmQxZi00YWVmLWJjZTctYTJmNDFmZGEwNDVhXkEyXkFqcGdeQXVyNzkwMjQ5NzM@._V1_UY209_CR5,0,140,209_AL_.jpg'),
(118, 'Qualcuno volo sul nido del cuculo', 331, 1975, 133, 4, 6, 'https://m.media-amazon.com/images/M/MV5BZjA0OWVhOTAtYWQxNi00YzNhLWI4ZjYtNjFjZTEyYjJlNDVlL2ltYWdlL2ltYWdlXkEyXkFqcGdeQXVyMTQxNzMzNDI@._V1_UY209_CR0,0,140,209_AL_.jpg'),
(119, 'Un uomo per tutte le stagioni', 332, 1966, 120, 6, 1, 'https://m.media-amazon.com/images/M/MV5BMTRjOTA1NzctNzFmMy00ZjcwLWExYjgtYWQyZDM5ZWY1Y2JlXkEyXkFqcGdeQXVyMDI2NDg0NQ@@._V1_UX140_CR0,0,140,209_AL_.jpg'),
(120, 'Un lupo mannaro americano a Londra', 333, 1981, 97, 7, 2, 'https://m.media-amazon.com/images/M/MV5BZGNmYWQzMGEtNDlhMS00NzEwLTkzMDItMDQ4MjkyMzRkNjFiXkEyXkFqcGdeQXVyMTQxNzMzNDI@._V1_UX140_CR0,0,140,209_AL_.jpg'),
(121, 'L\'albero degli zoccoli', 334, 1978, 186, 2, 3, 'https://m.media-amazon.com/images/M/MV5BODU1N2M3YTMtMzA1MC00ZjQ2LTkxNjgtNTkxZDc2MGUzMDA3XkEyXkFqcGdeQXVyMzIwNDY4NDI@._V1_UY209_CR8,0,140,209_AL_.jpg'),
(122, 'L\'infernale Quinlan', 20, 1958, 95, 7, 4, 'https://m.media-amazon.com/images/M/MV5BOTA1MjA3M2EtMmJjZS00OWViLTkwMTEtM2E5ZDk0NTAyNGJiXkEyXkFqcGdeQXVyNzkwMjQ5NzM@._V1_UX140_CR0,0,140,209_AL_.jpg'),
(123, 'Fitzcarraldo', 336, 1982, 158, 3, 6, 'https://m.media-amazon.com/images/M/MV5BYjIzNTYxMTctZjAwNS00YzI3LWExMGMtMGQxNGM5ZTc1NzhlXkEyXkFqcGdeQXVyMTQxNzMzNDI@._V1_UX140_CR0,0,140,209_AL_.jpg'),
(124, 'Soy Cuba', 337, 1964, 141, 7, 5, 'https://m.media-amazon.com/images/M/MV5BZjdlZjU3ZDktYWYzYi00NWMyLWJlMWYtMjA3NzcyY2JjYTQ2XkEyXkFqcGdeQXVyNzA4ODc3ODU@._V1_UY209_CR4,0,140,209_AL_.jpg'),
(125, 'Anchorman - La leggenda di Ron Burgundy', 338, 2004, 94, 3, 4, 'https://m.media-amazon.com/images/M/MV5BMTQ2MzYwMzk5Ml5BMl5BanBnXkFtZTcwOTI4NzUyMw@@._V1_UY209_CR0,0,140,209_AL_.jpg'),
(126, 'La conversazione', 1, 1974, 113, 6, 3, 'https://m.media-amazon.com/images/M/MV5BNzZlMThlYzktMDlmZC00YTI1LThlNzktZWU0MTY4ODc2ZWY4XkEyXkFqcGdeQXVyNTA1NjYyMDk@._V1_UY209_CR0,0,140,209_AL_.jpg'),
(127, 'Mezzogiorno e mezzo di fuoco', 339, 1974, 93, 3, 2, 'https://m.media-amazon.com/images/M/MV5BZGZmMWE1MDYtNzAyNC00MDMzLTgzZjQtNTQ5NjYzN2E4MzkzXkEyXkFqcGdeQXVyNDk3NzU2MTQ@._V1_UY209_CR1,0,140,209_AL_.jpg'),
(128, 'Un dollaro di onore', 300, 1959, 141, 7, 1, 'https://m.media-amazon.com/images/M/MV5BZDVhMTk1NjUtYjc0OS00OTE1LTk1NTYtYWMzMDI5OTlmYzU2XkEyXkFqcGdeQXVyNjc1NTYyMjg@._V1_UX140_CR0,0,140,209_AL_.jpg'),
(129, 'Crocevia della morte', 328, 1990, 115, 6, 6, 'https://m.media-amazon.com/images/M/MV5BMTY2Njk3MTAzM15BMl5BanBnXkFtZTgwMTY5Mzk4NjE@._V1_UX140_CR0,0,140,209_AL_.jpg'),
(130, 'Shakespeare a colazione', 340, 1987, 107, 2, 2, 'https://m.media-amazon.com/images/M/MV5BYjE3ODY5OWEtZmE0Mi00MjUxLTg5MmUtZmFkMzM1N2VjMmU5XkEyXkFqcGdeQXVyNTI4MjkwNjA@._V1_UX140_CR0,0,140,209_AL_.jpg'),
(131, 'Vite vendute', 341, 1953, 131, 6, 3, 'https://m.media-amazon.com/images/M/MV5BZDdkNzMwZmUtY2Q5MS00ZmM2LWJhYjItYTBjMWY0MGM4MDRjXkEyXkFqcGdeQXVyNTA4NzY1MzY@._V1_UY209_CR2,0,140,209_AL_.jpg'),
(132, 'La battaglia di Algeri', 342, 1966, 121, 7, 4, 'https://m.media-amazon.com/images/M/MV5BZWEzMGY4OTQtYTdmMy00M2QwLTliYTQtYWUzYzc3OTA5YzIwXkEyXkFqcGdeQXVyNjc1NTYyMjg@._V1_UY209_CR4,0,140,209_AL_.jpg'),
(133, 'I figli della violenza', 343, 1950, 85, 6, 5, 'https://m.media-amazon.com/images/M/MV5BODM4OTk1MjI5NV5BMl5BanBnXkFtZTgwNTg0NTQzMjE@._V1_UY209_CR3,0,140,209_AL_.jpg'),
(134, 'La storia fantastica', 33, 1987, 98, 3, 6, 'https://m.media-amazon.com/images/M/MV5BMGM4M2Q5N2MtNThkZS00NTc1LTk1NTItNWEyZjJjNDRmNDk5XkEyXkFqcGdeQXVyMjA0MDQ0Mjc@._V1_UY209_CR0,0,140,209_AL_.jpg'),
(135, 'Una moglie', 344, 1974, 155, 4, 3, 'https://m.media-amazon.com/images/M/MV5BZDQwZmIzZjAtMmI1YS00NzEwLWFmYmEtMGFkYTk5NTllNDA0XkEyXkFqcGdeQXVyMTA2ODMzMDU@._V1_UX140_CR0,0,140,209_AL_.jpg'),
(136, 'Il silenzio degli innocenti', 345, 1991, 118, 6, 4, 'https://m.media-amazon.com/images/M/MV5BNjNhZTk0ZmEtNjJhMi00YzFlLWE1MmEtYzM1M2ZmMGMwMTU4XkEyXkFqcGdeQXVyNjU0OTQ0OTY@._V1_UY209_CR1,0,140,209_AL_.jpg'),
(137, 'Fino all\'ultimo respiro', 346, 1960, 90, 6, 5, 'https://m.media-amazon.com/images/M/MV5BNzk5MDk2MjktY2I3NS00ODZkLTk3OTktY2Q3ZDE2MmQ2M2ZmXkEyXkFqcGdeQXVyNjc1NTYyMjg@._V1_UY209_CR7,0,140,209_AL_.jpg'),
(138, 'Pat Garrett e Billy Kid', 325, 1973, 122, 7, 6, 'https://m.media-amazon.com/images/M/MV5BNDU3NDA3YWEtM2ZlMi00NWNiLTliYWQtMmVmM2UwY2VlY2M5XkEyXkFqcGdeQXVyNzM0MTUwNTY@._V1_UY209_CR3,0,140,209_AL_.jpg'),
(139, 'La stangata', 24, 1973, 129, 2, 4, 'https://m.media-amazon.com/images/M/MV5BNGU3NjQ4YTMtZGJjOS00YTQ3LThmNmItMTI5MDE2ODI3NzY3XkEyXkFqcGdeQXVyMjUzOTY1NTc@._V1_UX140_CR0,0,140,209_AL_.jpg'),
(140, 'Lost in Translation - L\'amore tradotto', 347, 2003, 102, 1, 3, 'https://m.media-amazon.com/images/M/MV5BMTI2NDI5ODk4N15BMl5BanBnXkFtZTYwMTI3NTE3._V1_UX140_CR0,0,140,209_AL_.jpg'),
(141, 'Harvey', 348, 1950, 104, 3, 2, 'https://m.media-amazon.com/images/M/MV5BMzg2YTFkNjgtM2ZkNS00MWVkLWIwMTEtZTgzMDM2MmUxNDE2XkEyXkFqcGdeQXVyMjI4MjA5MzA@._V1_UY209_CR0,0,140,209_AL_.jpg'),
(142, 'L\'uomo che volle farsi re', 313, 1975, 129, 7, 1, 'https://m.media-amazon.com/images/M/MV5BZWQzYjBjZmQtZDFiOS00ZDQ1LWI4MDAtMDk1NGE1NDBhYjNhL2ltYWdlXkEyXkFqcGdeQXVyNjc1NTYyMjg@._V1_UX140_CR0,0,140,209_AL_.jpg'),
(143, 'L\'ultimo dei Mohicani', 26, 1992, 112, 7, 3, 'https://m.media-amazon.com/images/M/MV5BZDNiYmRkNDYtOWU1NC00NmMxLWFkNmUtMGI5NTJjOTJmYTM5XkEyXkFqcGdeQXVyNzQ1ODk3MTQ@._V1_UY209_CR0,0,140,209_AL_.jpg'),
(144, 'Il labirinto del fauno', 349, 2006, 118, 6, 2, 'https://m.media-amazon.com/images/M/MV5BMTU3ODg2NjQ5NF5BMl5BanBnXkFtZTcwMDEwODgzMQ@@._V1_UY209_CR1,0,140,209_AL_.jpg'),
(145, 'La fiamma del peccato', 9, 1944, 107, 2, 4, 'https://m.media-amazon.com/images/M/MV5BOTdlNjgyZGUtOTczYi00MDdhLTljZmMtYTEwZmRiOWFkYjRhXkEyXkFqcGdeQXVyNDY2MTk1ODk@._V1_UX140_CR0,0,140,209_AL_.jpg'),
(146, 'Seven', 8, 1995, 127, 6, 5, 'https://m.media-amazon.com/images/M/MV5BOTUwODM5MTctZjczMi00OTk4LTg3NWUtNmVhMTAzNTNjYjcyXkEyXkFqcGdeQXVyNjU0OTQ0OTY@._V1_UX140_CR0,0,140,209_AL_.jpg'),
(147, 'La guerra lampo dei Fratelli Marx', 350, 1933, 69, 3, 6, 'https://m.media-amazon.com/images/M/MV5BYmYxZGU2NWYtNzQxZS00NmEyLWIzN2YtMDk5MWM0ODc5ZTE4XkEyXkFqcGdeQXVyNTA4NzY1MzY@._V1_UY209_CR0,0,140,209_AL_.jpg'),
(148, 'Amadeus', 331, 1984, 160, 6, 4, 'https://m.media-amazon.com/images/M/MV5BNWJlNzUzNGMtYTAwMS00ZjI2LWFmNWQtODcxNWUxODA5YmU1XkEyXkFqcGdeQXVyNTIzOTk5ODM@._V1_UX140_CR0,0,140,209_AL_.jpg'),
(149, 'Balla coi lupi', 351, 1990, 181, 7, 3, 'https://m.media-amazon.com/images/M/MV5BMTY3OTI5NDczN15BMl5BanBnXkFtZTcwNDA0NDY3Mw@@._V1_UX140_CR0,0,140,209_AL_.jpg'),
(150, 'Nick mano fredda', 352, 1967, 127, 7, 2, 'https://m.media-amazon.com/images/M/MV5BOWFlNzZhYmYtYTI5YS00MDQyLWIyNTUtNTRjMWUwNTEzNjA0XkEyXkFqcGdeQXVyNjUwNzk3NDc@._V1_UX140_CR0,0,140,209_AL_.jpg'),
(151, 'Blow Out', 320, 1981, 108, 6, 2, 'https://m.media-amazon.com/images/M/MV5BZmZiMmZmNjQtNGM3OC00MTFkLWIxMzktZmJhMGYzMjYwYzZmXkEyXkFqcGdeQXVyMTQxNzMzNDI@._V1_UX140_CR0,0,140,209_AL_.jpg'),
(152, 'Qualcosa è cambiato', 353, 1997, 139, 5, 1, 'https://m.media-amazon.com/images/M/MV5BNWMxZTgzMWEtMTU0Zi00NDc5LWFkZjctMzUxNDIyNzZiMmNjXkEyXkFqcGdeQXVyMTQxNzMzNDI@._V1_UY209_CR0,0,140,209_AL_.jpg'),
(153, 'Biancaneve e i sette nani', 354, 1937, 83, 2, 1, 'https://m.media-amazon.com/images/M/MV5BMTQwMzE2Mzc4M15BMl5BanBnXkFtZTcwMTE4NTc1Nw@@._V1_UX140_CR0,0,140,209_AL_.jpg'),
(154, 'Quasi famosi', 355, 2000, 122, 3, 3, 'https://m.media-amazon.com/images/M/MV5BMzY1ZjMwMGEtYTY1ZS00ZDllLTk0ZmUtYzA3ZTA4NmYwNGNkXkEyXkFqcGdeQXVyNDk3NzU2MTQ@._V1_UY209_CR0,0,140,209_AL_.jpg'),
(155, 'Cyrano di Bergerac', 356, 1990, 137, 2, 4, 'https://m.media-amazon.com/images/M/MV5BOGEzOGJkMzktODU0Zi00NTI5LWEyNmUtMjliMjY3ODMzMTdhXkEyXkFqcGdeQXVyNjA0Mzc0MzI@._V1_UX140_CR0,0,140,209_AL_.jpg'),
(156, 'Il petroliere', 322, 2007, 158, 4, 5, 'https://m.media-amazon.com/images/M/MV5BMjAxODQ4MDU5NV5BMl5BanBnXkFtZTcwMDU4MjU1MQ@@._V1_UY209_CR0,0,140,209_AL_.jpg'),
(157, 'La scelta di Sophie', 357, 1982, 150, 5, 6, 'https://m.media-amazon.com/images/M/MV5BMTk3NDUyYTEtMzkyZi00YjMzLTkwMDUtYWMzNjIwNmM5NWQ5XkEyXkFqcGdeQXVyMTQxNzMzNDI@._V1_UX140_CR0,0,140,209_AL_.jpg'),
(158, 'Shampoo', 305, 1975, 110, 3, 5, 'https://m.media-amazon.com/images/M/MV5BZWE0YmFhMDctOGFkYS00ODNmLTgyMTMtNzBiNWE2ZmNjNzdjXkEyXkFqcGdeQXVyNjc1NTYyMjg@._V1_UX140_CR0,0,140,209_AL_.jpg'),
(159, 'Notorious - L\'amante perduta', 28, 1946, 102, 5, 4, 'https://m.media-amazon.com/images/M/MV5BYTc1NGViOTMtNjZhNS00OGY2LWI4MmItOWQwNTY4MDMzNWI3L2ltYWdlXkEyXkFqcGdeQXVyNjc1NTYyMjg@._V1_UX140_CR0,0,140,209_AL_.jpg'),
(160, 'Z, l\'orgia del potere', 358, 1969, 127, 4, 3, 'https://m.media-amazon.com/images/M/MV5BNDQ4ZTI5NTktOTY2ZS00NmM3LWE2ZTAtMTdjNzFmOWYzYzhkXkEyXkFqcGdeQXVyNjMwMjk0MTQ@._V1_UY209_CR4,0,140,209_AL_.jpg'),
(161, 'Scarpette rosse', 314, 1948, 135, 5, 2, 'https://m.media-amazon.com/images/M/MV5BOWRmNGEwZjUtZjEwNS00OGZmLThhMmEtZTJlMTU5MGQ3ZWUwXkEyXkFqcGdeQXVyNjc1NTYyMjg@._V1_UY209_CR0,0,140,209_AL_.jpg'),
(162, 'Il braccio violento della legge', 359, 1971, 104, 7, 1, 'https://m.media-amazon.com/images/M/MV5BOTZhY2E3NmItMGIwNi00OTA2LThkYmEtODFiZTM0NGI0ZWU5XkEyXkFqcGdeQXVyNTc1NTQxODI@._V1_UY209_CR4,0,140,209_AL_.jpg'),
(163, 'Il gladiatore', 15, 2000, 155, 6, 3, 'https://m.media-amazon.com/images/M/MV5BMDliMmNhNDEtODUyOS00MjNlLTgxODEtN2U3NzIxMGVkZTA1L2ltYWdlXkEyXkFqcGdeQXVyNjU0OTQ0OTY@._V1_UY209_CR0,0,140,209_AL_.jpg'),
(164, 'Boogie Nights - L\'altra Hollywood', 322, 1997, 155, 4, 5, 'https://m.media-amazon.com/images/M/MV5BY2E2YWYxY2QtZmJmZi00MjJlLWFiYWItZTk5Y2IyMWQ1ZThhXkEyXkFqcGdeQXVyMTMxODk2OTU@._V1_UY209_CR0,0,140,209_AL_.jpg'),
(165, 'Suspense', 360, 1961, 100, 6, 4, 'https://m.media-amazon.com/images/M/MV5BNGQyNjBjNTUtNTM1OS00YzcyLWFhNTgtNTU0MDg3NzBlMDQzXkEyXkFqcGdeQXVyNjc1NTYyMjg@._V1_UY209_CR2,0,140,209_AL_.jpg'),
(166, 'Betty Blue', 361, 1986, 185, 5, 6, 'https://m.media-amazon.com/images/M/MV5BZDEwYmM1MzktMzYyMy00M2VhLWJkZTUtNmIyMTcxZmRiZjQ1XkEyXkFqcGdeQXVyMTA0MjU0Ng@@._V1_UY209_CR6,0,140,209_AL_.jpg'),
(167, 'La rabbia giovane', 315, 1973, 94, 7, 1, 'https://m.media-amazon.com/images/M/MV5BMDcxNjhiOTEtMzQ0YS00OTBhLTkxM2QtN2UyZDMzNzIzNWFlXkEyXkFqcGdeQXVyMTQxNzMzNDI@._V1_UY209_CR4,0,140,209_AL_.jpg'),
(168, 'Salvate il soldato Ryan', 2, 1998, 169, 7, 2, 'https://m.media-amazon.com/images/M/MV5BZjhkMDM4MWItZTVjOC00ZDRhLThmYTAtM2I5NzBmNmNlMzI1XkEyXkFqcGdeQXVyNDYyMDk5MTU@._V1_UY209_CR1,0,140,209_AL_.jpg'),
(169, 'Una vita al massimo', 362, 1993, 119, 3, 3, 'https://m.media-amazon.com/images/M/MV5BMDViNjFjOWMtZGZhMi00NmIyLThmYzktODA4MzJhZDZhMDc5XkEyXkFqcGdeQXVyNzkwMjQ5NzM@._V1_UY209_CR4,0,140,209_AL_.jpg'),
(170, 'Gli spietati', 363, 1992, 130, 6, 4, 'https://m.media-amazon.com/images/M/MV5BODM3YWY4NmQtN2Y3Ni00OTg0LWFhZGQtZWE3ZWY4MTJlOWU4XkEyXkFqcGdeQXVyNjU0OTQ0OTY@._V1_UX140_CR0,0,140,209_AL_.jpg'),
(171, 'I Tenenbaum', 364, 2001, 110, 3, 5, 'https://m.media-amazon.com/images/M/MV5BYmUzODQ5MGItZTZlNy00MDBhLWIxMmItMjg4Y2QyNDFlMWQ2XkEyXkFqcGdeQXVyMTMxODk2OTU@._V1_UX140_CR0,0,140,209_AL_.jpg'),
(172, 'Oltre il giardino', 305, 1979, 130, 2, 6, 'https://m.media-amazon.com/images/M/MV5BNjAzNzJjYzQtMGFmNS00ZjAzLTkwMjgtMWIzYzFkMzM4Njg3XkEyXkFqcGdeQXVyMTY5Nzc4MDY@._V1_UX140_CR0,0,140,209_AL_.jpg'),
(173, 'Un anno vissuto pericolosamente', 365, 1982, 115, 6, 5, 'https://m.media-amazon.com/images/M/MV5BNmE3MjM4MGMtYmZiMi00MzU4LTk1YWMtMjI1YmRmNDc2MjdlL2ltYWdlL2ltYWdlXkEyXkFqcGdeQXVyNjc1NTYyMjg@._V1_UX140_CR0,0,140,209_AL_.jpg'),
(174, 'Nightmare - Dal profondo della notte', 366, 1984, 91, 6, 4, 'https://m.media-amazon.com/images/M/MV5BNzFjZmM1ODgtMDBkMS00NWFlLTg2YmUtZjc3ZTgxMjE1OTI2L2ltYWdlXkEyXkFqcGdeQXVyNTAyODkwOQ@@._V1_UX140_CR0,0,140,209_AL_.jpg'),
(175, 'Il ponte sul fiume Kwai', 299, 1957, 161, 3, 3, 'https://m.media-amazon.com/images/M/MV5BMGVhNjhjODktODgxYS00MDdhLTlkZjktYTkyNzQxMTU0ZDYxXkEyXkFqcGdeQXVyNzkwMjQ5NzM@._V1_UX140_CR0,0,140,209_AL_.jpg'),
(176, 'Sentieri selvaggi', 367, 1956, 119, 7, 2, 'https://m.media-amazon.com/images/M/MV5BYWQ3YWJiMDEtMDBhNS00YjY1LTkzNmEtY2U4Njg4MjQ3YWE3XkEyXkFqcGdeQXVyNzkwMjQ5NzM@._V1_UX140_CR0,0,140,209_AL_.jpg'),
(177, 'Una gita in campagna', 330, 1946, 40, 1, 1, 'https://m.media-amazon.com/images/M/MV5BMTFmMzgwMWEtMDVlNy00MDdhLWJjODEtZjU3MTY3MzhhMjZmXkEyXkFqcGdeQXVyNjI5NTk0MzE@._V1_UY209_CR8,0,140,209_AL_.jpg'),
(178, 'Agente 007 - Missione Goldfinger', 368, 1964, 110, 6, 6, 'https://m.media-amazon.com/images/M/MV5BMTQ2MzE0OTU3NV5BMl5BanBnXkFtZTcwNjQxNTgzNA@@._V1_UX140_CR0,0,140,209_AL_.jpg'),
(179, 'A Venezia... un dicembre rosso shocking', 369, 1973, 110, 7, 2, 'https://m.media-amazon.com/images/M/MV5BNDZmYzJmMDQtM2NkNi00NjU0LTlmZGItNDFjZjVkZjhmNDcyXkEyXkFqcGdeQXVyMTA1NTM1NDI2._V1_UX140_CR0,0,140,209_AL_.jpg'),
(180, 'Tootsie', 370, 1982, 116, 5, 3, 'https://m.media-amazon.com/images/M/MV5BMTY4MGJjMTktNGM4Ni00ODliLWJlYjQtNjc4NmY2NjQ3NzEzXkEyXkFqcGdeQXVyMTA0MjU0Ng@@._V1_UX140_CR0,0,140,209_AL_.jpg'),
(181, 'Viridiana', 343, 1961, 90, 4, 4, 'https://m.media-amazon.com/images/M/MV5BMDJkYzdmZmUtM2RmNC00ODliLThlNmMtNzFjNWIwOWMyNzkxXkEyXkFqcGdeQXVyMjgyNjk3MzE@._V1_UX140_CR0,0,140,209_AL_.jpg'),
(182, 'L\'odio', 371, 1995, 98, 7, 5, 'https://m.media-amazon.com/images/M/MV5BNDNiOTA5YjktY2Q0Ni00ODgzLWE5MWItNGExOWRlYjY2MjBlXkEyXkFqcGdeQXVyNjQ2MjQ5NzM@._V1_UY209_CR3,0,140,209_AL_.jpg'),
(183, 'Breve incontro', 299, 1945, 86, 5, 6, 'https://m.media-amazon.com/images/M/MV5BYWQ0MGNjOTYtMWJlNi00YWMxLWFmMzktYjAyNTVkY2U1NWNhL2ltYWdlL2ltYWdlXkEyXkFqcGdeQXVyNjc1NTYyMjg@._V1_UX140_CR0,0,140,209_AL_.jpg'),
(184, 'Il mago di Oz', 23, 1939, 102, 2, 3, 'https://m.media-amazon.com/images/M/MV5BNjUyMTc4MDExMV5BMl5BanBnXkFtZTgwNDg0NDIwMjE@._V1_UY209_CR0,0,140,209_AL_.jpg'),
(185, 'Memento', 12, 2000, 113, 6, 4, 'https://m.media-amazon.com/images/M/MV5BZTcyNjk1MjgtOWI3Mi00YzQwLWI5MTktMzY4ZmI2NDAyNzYzXkEyXkFqcGdeQXVyNjU0OTQ0OTY@._V1_UY209_CR1,0,140,209_AL_.jpg'),
(186, 'Superman', 372, 1978, 143, 3, 5, 'https://m.media-amazon.com/images/M/MV5BMzA0YWMwMTUtMTVhNC00NjRkLWE2ZTgtOWEzNjJhYzNiMTlkXkEyXkFqcGdeQXVyNjc1NTYyMjg@._V1_UX140_CR0,0,140,209_AL_.jpg'),
(187, 'Rushmore', 364, 1998, 93, 1, 6, 'https://m.media-amazon.com/images/M/MV5BMjE2OTc3OTk2M15BMl5BanBnXkFtZTgwMjg2NjIyMDE@._V1_UY209_CR0,0,140,209_AL_.jpg'),
(188, 'Un racconto di Canterbury', 314, 1944, 124, 6, 4, 'https://m.media-amazon.com/images/M/MV5BNDlhNDliOGQtN2EzYS00Njg4LWIzODgtNWIxNWJjMDU4NzcwXkEyXkFqcGdeQXVyNjc1NTYyMjg@._V1_UX140_CR0,0,140,209_AL_.jpg'),
(189, 'City of God', 373, 2002, 130, 4, 3, 'https://m.media-amazon.com/images/M/MV5BOTMwYjc5ZmItYTFjZC00ZGQ3LTlkNTMtMjZiNTZlMWQzNzI5XkEyXkFqcGdeQXVyNzkwMjQ5NzM@._V1_UY209_CR0,0,140,209_AL_.jpg'),
(190, 'Hellzapoppin\'', 374, 1941, 84, 3, 2, 'https://m.media-amazon.com/images/M/MV5BZDk3MDViYTEtMWNlNS00MzM0LWE3MmUtYmVkY2QxOTIyYTllXkEyXkFqcGdeQXVyMjA0MzYwMDY@._V1_UX140_CR0,0,140,209_AL_.jpg'),
(191, 'Toy Story 2 - Woody & Buzz alla riscossa', 327, 1999, 92, 2, 1, 'https://m.media-amazon.com/images/M/MV5BMWM5ZDcxMTYtNTEyNS00MDRkLWI3YTItNThmMGExMWY4NDIwXkEyXkFqcGdeQXVyNjUwNzk3NDc@._V1_UY209_CR1,0,140,209_AL_.jpg'),
(192, 'Il buio oltre la siepe', 375, 1962, 129, 4, 3, 'https://m.media-amazon.com/images/M/MV5BNmVmYzcwNzMtMWM1NS00MWIyLThlMDEtYzUwZDgzODE1NmE2XkEyXkFqcGdeQXVyNzkwMjQ5NzM@._V1_UX140_CR0,0,140,209_AL_.jpg'),
(193, 'Lungo la valle delle bambole', 376, 1970, 109, 3, 2, 'https://m.media-amazon.com/images/M/MV5BNzJlYmZhNTMtMWM2Yy00MDZiLWJlOGMtMTRkOTEzYmZlZWQ5XkEyXkFqcGdeQXVyMTQxNzMzNDI@._V1_UX140_CR0,0,140,209_AL_.jpg'),
(194, 'Sadismo', 377, 1970, 105, 6, 4, 'https://m.media-amazon.com/images/M/MV5BODBlMGU1ZjItYTY1NS00MjY4LWJlYWUtNTkxOGE3ZWE5NDYxXkEyXkFqcGdeQXVyNjc1NTYyMjg@._V1_UX140_CR0,0,140,209_AL_.jpg'),
(195, 'Frank Costello faccia d\'angelo', 378, 1967, 105, 6, 5, 'https://m.media-amazon.com/images/M/MV5BMWFjZjRiM2QtZmRkOC00MDUxLTlhYmQtYmY5ZTNiMTI5Nzc2L2ltYWdlXkEyXkFqcGdeQXVyNTAyODkwOQ@@._V1_UY209_CR0,0,140,209_AL_.jpg'),
(196, 'Ispettore Callaghan: il caso Scorpio è tuo!!', 379, 1971, 102, 6, 6, 'https://m.media-amazon.com/images/M/MV5BMzdhMTM2YTItOWU2YS00MTM0LTgyNDYtMDM1OWM3NzkzNTM2XkEyXkFqcGdeQXVyNjc1NTYyMjg@._V1_UX140_CR0,0,140,209_AL_.jpg'),
(197, 'Orizzonti di gloria', 13, 1957, 88, 7, 4, 'https://m.media-amazon.com/images/M/MV5BNjViMmRkOTEtM2ViOS00ODg0LWJhYWEtNTBlOGQxNDczOGY3XkEyXkFqcGdeQXVyMDI2NDg0NQ@@._V1_UY209_CR5,0,140,209_AL_.jpg'),
(198, 'United 93', 380, 2006, 111, 6, 3, 'https://m.media-amazon.com/images/M/MV5BMTI1Nzc3NjAwOF5BMl5BanBnXkFtZTcwNzYzMjYzMQ@@._V1_UY209_CR0,0,140,209_AL_.jpg'),
(199, 'Il grande Paese', 381, 1958, 166, 5, 2, 'https://m.media-amazon.com/images/M/MV5BNDAwMTViNWEtNmQ0ZC00NGJmLWJjYWMtMGYxMTYxY2Y0Y2MzXkEyXkFqcGdeQXVyMTMxMTY0OTQ@._V1_UX140_CR0,0,140,209_AL_.jpg'),
(200, 'School of Rock', 335, 2003, 109, 2, 2, 'https://m.media-amazon.com/images/M/MV5BMjEwOTMzNjYzMl5BMl5BanBnXkFtZTcwNjczMTQyMQ@@._V1_UX140_CR0,0,140,209_AL_.jpg'),
(201, 'Ghostbusters (Acchiappafantasmi)', 382, 1984, 105, 7, 1, 'https://m.media-amazon.com/images/M/MV5BMTkxMjYyNzgwMl5BMl5BanBnXkFtZTgwMTE3MjYyMTE@._V1_UX140_CR0,0,140,209_AL_.jpg'),
(202, 'Big', 383, 1988, 104, 3, 1, 'https://m.media-amazon.com/images/M/MV5BMDQ1ODM5MTMtMjAwYi00ZGUxLTliNTMtN2ZhODAwMjVhMTRlXkEyXkFqcGdeQXVyNTAyODkwOQ@@._V1_UY209_CR1,0,140,209_AL_.jpg'),
(203, 'I segreti di Brokeback Mountain', 384, 2005, 134, 5, 3, 'https://m.media-amazon.com/images/M/MV5BMTY5NTAzNTc1NF5BMl5BanBnXkFtZTYwNDY4MDc3._V1_UY209_CR0,0,140,209_AL_.jpg'),
(204, 'Eraserhead - La mente che cancella', 319, 1977, 89, 6, 4, 'https://m.media-amazon.com/images/M/MV5BMDExYzg5YjQtMzE0Yy00OWJjLThiZTctMWI5MzhjM2RmNjA4L2ltYWdlXkEyXkFqcGdeQXVyNTAyODkwOQ@@._V1_UX140_CR0,0,140,209_AL_.jpg'),
(205, 'Ed Wood', 306, 1994, 127, 2, 5, 'https://m.media-amazon.com/images/M/MV5BNTA5ZjdjNWUtZGUwNy00N2RhLWJiZmItYzFhYjU1NmYxNjY4XkEyXkFqcGdeQXVyMTQxNzMzNDI@._V1_UY209_CR0,0,140,209_AL_.jpg'),
(206, 'Ladri di biciclette', 385, 1948, 89, 6, 6, 'https://m.media-amazon.com/images/M/MV5BNmI1ODdjODctMDlmMC00ZWViLWI5MzYtYzRhNDdjYmM3MzFjXkEyXkFqcGdeQXVyMTMxODk2OTU@._V1_UY209_CR2,0,140,209_AL_.jpg'),
(207, 'La vita è meravigliosa', 386, 1946, 130, 2, 5, 'https://m.media-amazon.com/images/M/MV5BZjc4NDZhZWMtNGEzYS00ZWU2LThlM2ItNTA0YzQ0OTExMTE2XkEyXkFqcGdeQXVyNjUwMzI2NzU@._V1_UY209_CR2,0,140,209_AL_.jpg'),
(208, 'Il favoloso mondo di Amelie', 387, 2001, 122, 5, 4, 'https://m.media-amazon.com/images/M/MV5BNDg4NjM1YjMtYmNhZC00MjM0LWFiZmYtNGY1YjA3MzZmODc5XkEyXkFqcGdeQXVyNDk3NzU2MTQ@._V1_UX140_CR0,0,140,209_AL_.jpg'),
(209, 'Point Break - Punto di rottura', 388, 1991, 122, 7, 3, 'https://m.media-amazon.com/images/M/MV5BNWVjZWFmYjItZGJlOC00YTllLWE4YjctMWY2ZTg5ZjE0MDIyXkEyXkFqcGdeQXVyNDk3NzU2MTQ@._V1_UY209_CR0,0,140,209_AL_.jpg'),
(210, 'Fargo', 389, 1996, 98, 6, 1, 'https://m.media-amazon.com/images/M/MV5BNDJiZDgyZjctYmRjMS00ZjdkLTkwMTEtNGU1NDg3NDQ0Yzk1XkEyXkFqcGdeQXVyNzkwMjQ5NzM@._V1_UY209_CR1,0,140,209_AL_.jpg'),
(211, 'Non aprite quella porta', 390, 1974, 83, 7, 2, 'https://m.media-amazon.com/images/M/MV5BZDI3OWE0ZWMtNGJjOS00N2E4LWFiOTAtZjQ4OTNiNzIwN2NkXkEyXkFqcGdeQXVyMTQxNzMzNDI@._V1_UY209_CR0,0,140,209_AL_.jpg'),
(212, 'Prima dell\'alba', 335, 1995, 101, 5, 3, 'https://m.media-amazon.com/images/M/MV5BZDdiZTAwYzAtMDI3Ni00OTRjLTkzN2UtMGE3MDMyZmU4NTU4XkEyXkFqcGdeQXVyNjU0OTQ0OTY@._V1_UY209_CR0,0,140,209_AL_.jpg'),
(213, 'JFK - Un caso ancora aperto', 391, 1991, 189, 6, 2, 'https://m.media-amazon.com/images/M/MV5BYjYyODExMDctZjgwYy00ZjQwLWI4OWYtOGFlYjA4ZjEzNmY1XkEyXkFqcGdeQXVyNTAyODkwOQ@@._V1_UY209_CR1,0,140,209_AL_.jpg'),
(214, 'The Killer', 392, 1989, 111, 6, 1, 'https://m.media-amazon.com/images/M/MV5BMDQyMDVhZjItMGI0Mi00MDQ1LTk3NmQtZmRjZGQ5ZTQ2ZDU5XkEyXkFqcGdeQXVyNTAyODkwOQ@@._V1_UY209_CR0,0,140,209_AL_.jpg'),
(215, 'Brian di Nazareth', 393, 1979, 94, 2, 3, 'https://m.media-amazon.com/images/M/MV5BMzAwNjU1OTktYjY3Mi00NDY5LWFlZWUtZjhjNGE0OTkwZDkwXkEyXkFqcGdeQXVyMTQxNzMzNDI@._V1_UX140_CR0,0,140,209_AL_.jpg'),
(216, 'La moglie di Frankenstein', 394, 1935, 75, 7, 5, 'https://m.media-amazon.com/images/M/MV5BODk5NDY3OTktNjg5OC00OGIzLWE0NmItOGIxYTZiNTA1MjFlXkEyXkFqcGdeQXVyMTkxNjUyNQ@@._V1_UX140_CR0,0,140,209_AL_.jpg'),
(217, 'The Addiction - Vampiri a New York', 395, 1995, 82, 7, 4, 'https://m.media-amazon.com/images/M/MV5BMWYzN2EyMmMtMTU2My00MWY2LTkyMGYtMjk0MzVkZGZiMzNjXkEyXkFqcGdeQXVyMTQxNzMzNDI@._V1_UY209_CR0,0,140,209_AL_.jpg'),
(218, 'L\'esorcista', 359, 1973, 122, 7, 6, 'https://m.media-amazon.com/images/M/MV5BYjhmMGMxZDYtMTkyNy00YWVmLTgyYmUtYTU3ZjcwNTBjN2I1XkEyXkFqcGdeQXVyNzkwMjQ5NzM@._V1_UX140_CR0,0,140,209_AL_.jpg'),
(219, 'Gli spostati', 313, 1961, 125, 5, 1, 'https://m.media-amazon.com/images/M/MV5BZWRkMDIxNTQtYzVkZi00NjBjLWIzYzYtYzQ1Y2U3OTA1NjIyL2ltYWdlL2ltYWdlXkEyXkFqcGdeQXVyNjQzNDI3NzY@._V1_UX140_CR0,0,140,209_AL_.jpg'),
(220, 'The Departed - Il bene e il male', 5, 2006, 151, 6, 2, 'https://m.media-amazon.com/images/M/MV5BMTI1MTY2OTIxNV5BMl5BanBnXkFtZTYwNjQ4NjY3._V1_UY209_CR0,0,140,209_AL_.jpg'),
(221, 'Local Hero', 396, 1983, 111, 3, 3, 'https://m.media-amazon.com/images/M/MV5BODhiMmM3YzQtZjMwNy00YTdkLTkwOTItZDhjYWE1ZTVlNmExXkEyXkFqcGdeQXVyMjI4MjA5MzA@._V1_UX140_CR0,0,140,209_AL_.jpg'),
(222, 'Platoon', 391, 1986, 120, 6, 4, 'https://m.media-amazon.com/images/M/MV5BMzRjZjdlMjQtODVkYS00N2YzLWJlYWYtMGVlN2E5MWEwMWQzXkEyXkFqcGdeQXVyMTQxNzMzNDI@._V1_UX140_CR0,0,140,209_AL_.jpg'),
(223, 'Moulin Rouge!', 397, 2001, 127, 5, 5, 'https://m.media-amazon.com/images/M/MV5BMWFhYjliNjYtYjNhNS00OGExLWFhMjQtNDgwOWYyNWJiYzhmXkEyXkFqcGdeQXVyMTMxODk2OTU@._V1_UY209_CR0,0,140,209_AL_.jpg'),
(224, 'M - Il mostro di Düsseldorf', 398, 1931, 117, 7, 6, 'https://m.media-amazon.com/images/M/MV5BODA4ODk3OTEzMF5BMl5BanBnXkFtZTgwMTQ2ODMwMzE@._V1_UX140_CR0,0,140,209_AL_.jpg'),
(225, 'Canzoni del secondo piano', 399, 2000, 98, 2, 5, 'https://m.media-amazon.com/images/M/MV5BMGQ4NGQ3MjAtYWI4Mi00YTQ1LTg1NWItN2RhYWU5YmY0Yjg0XkEyXkFqcGdeQXVyNzQxNDExNTU@._V1_UY209_CR2,0,140,209_AL_.jpg'),
(226, 'L\'armata degli eroi', 378, 1969, 96, 7, 4, 'https://m.media-amazon.com/images/M/MV5BMTk5MTUyNTA2Nl5BMl5BanBnXkFtZTgwNTQzMDg1NjE@._V1_UY209_CR2,0,140,209_AL_.jpg'),
(227, 'Jackie Brown', 7, 1997, 154, 6, 3, 'https://m.media-amazon.com/images/M/MV5BNmY5ODRmYTItNWU0Ni00MWE3LTgyYzUtYjZlN2Q5YTcyM2NmXkEyXkFqcGdeQXVyNjU0OTQ0OTY@._V1_UY209_CR1,0,140,209_AL_.jpg'),
(228, 'Domenica maledetta domenica', 400, 1971, 110, 5, 2, 'https://m.media-amazon.com/images/M/MV5BMTg5MTIyN2EtNWJiOC00OGMyLWI1ZGEtMzI0ZWZmYjg0OTQzXkEyXkFqcGdeQXVyNjc1NTYyMjg@._V1_UX140_CR0,0,140,209_AL_.jpg'),
(229, 'I magnifici sette', 316, 1960, 128, 6, 1, 'https://m.media-amazon.com/images/M/MV5BMzYyNzU0MTM1OF5BMl5BanBnXkFtZTcwMzE1ODE1NA@@._V1_UX140_CR0,0,140,209_AL_.jpg'),
(230, 'Le vacanze del signor Hulot', 401, 1953, 114, 1, 6, 'https://m.media-amazon.com/images/M/MV5BMmExNjMxOTYtNTU0Mi00ODYwLWJmYjAtZjg5NjAxYTVhYWU0XkEyXkFqcGdeQXVyNzQxNDExNTU@._V1_UY209_CR3,0,140,209_AL_.jpg'),
(231, 'Il texano dagli occhi di ghiaccio', 363, 1976, 135, 7, 2, 'https://m.media-amazon.com/images/M/MV5BMjIxNDYxMTk2MF5BMl5BanBnXkFtZTgwMjQxNjU3MTE@._V1_UY209_CR1,0,140,209_AL_.jpg'),
(232, 'Lontano dal paradiso', 402, 2002, 107, 5, 3, 'https://m.media-amazon.com/images/M/MV5BMTE5ODI3MTM4OV5BMl5BanBnXkFtZTYwNjE5OTg2._V1_UY209_CR0,0,140,209_AL_.jpg'),
(233, 'I compari', 403, 1971, 120, 6, 4, 'https://m.media-amazon.com/images/M/MV5BMmMxMTk0MmMtY2I0YS00NjcwLTk2NjYtOWFlOTA0M2EzNjgxL2ltYWdlL2ltYWdlXkEyXkFqcGdeQXVyMTQxNzMzNDI@._V1_UX140_CR0,0,140,209_AL_.jpg'),
(234, 'Madre e figlio', 404, 1997, 73, 4, 5, 'https://m.media-amazon.com/images/M/MV5BMTQwNTk4Nzk1MV5BMl5BanBnXkFtZTcwOTc0MDAyMQ@@._V1_UY209_CR3,0,140,209_AL_.jpg'),
(235, 'Safe', 402, 1995, 119, 6, 6, 'https://m.media-amazon.com/images/M/MV5BODliOWEzMTUtZDQ5ZS00ZTBmLTgzNzEtMGVkOTlhYWNkYjE2XkEyXkFqcGdeQXVyMTQxNzMzNDI@._V1_UY209_CR0,0,140,209_AL_.jpg'),
(236, 'Voci lontane... sempre presenti', 405, 1988, 84, 4, 3, 'https://m.media-amazon.com/images/M/MV5BNDNiZGE1YzQtZDczNy00Yjk1LTk5ZWUtZWU4MmNiY2RiZGQxXkEyXkFqcGdeQXVyMTA0MjU0Ng@@._V1_UX140_CR0,0,140,209_AL_.jpg'),
(237, 'Carter', 406, 1971, 112, 6, 4, 'https://m.media-amazon.com/images/M/MV5BY2JiOTJhODQtNjhlOS00MDUyLWI0YzktY2M0ODkyYWUwOTMyXkEyXkFqcGdeQXVyNTIzOTk5ODM@._V1_UX140_CR0,0,140,209_AL_.jpg'),
(238, 'Romeo e Giulietta di William Shakespeare', 397, 1996, 120, 5, 5, 'https://m.media-amazon.com/images/M/MV5BMGU4YmI1ZGQtZjExYi00M2E0LTgyYTAtNzQ5ZmVlMTk4NzUzXkEyXkFqcGdeQXVyMTMxODk2OTU@._V1_UY209_CR0,0,140,209_AL_.jpg'),
(239, 'Léon', 407, 1994, 110, 6, 6, 'https://m.media-amazon.com/images/M/MV5BODllNWE0MmEtYjUwZi00ZjY3LThmNmQtZjZlMjI2YTZjYmQ0XkEyXkFqcGdeQXVyNTc1NTQxODI@._V1_UY209_CR0,0,140,209_AL_.jpg'),
(240, 'Non è un paese per vecchi', 408, 2007, 122, 6, 4, 'https://m.media-amazon.com/images/M/MV5BMjA5Njk3MjM4OV5BMl5BanBnXkFtZTcwMTc5MTE1MQ@@._V1_UY209_CR1,0,140,209_AL_.jpg'),
(241, 'Festen - Festa in famiglia', 409, 1998, 105, 4, 3, 'https://m.media-amazon.com/images/M/MV5BYTg3Yjc4N2QtZDdlNC00NmU2LWFiYjktYjI3NTMwMjk4M2FmXkEyXkFqcGdeQXVyMjgyNjk3MzE@._V1_UY209_CR11,0,140,209_AL_.jpg'),
(242, 'Il castello errante di Howl', 410, 2004, 119, 2, 2, 'https://m.media-amazon.com/images/M/MV5BNmM4YTFmMmItMGE3Yy00MmRkLTlmZGEtMzZlOTQzYjk3MzA2XkEyXkFqcGdeQXVyMTMxODk2OTU@._V1_UX140_CR0,0,140,209_AL_.jpg'),
(243, 'L\'alba dei morti dementi', 411, 2004, 99, 7, 1, 'https://m.media-amazon.com/images/M/MV5BMTg5Mjk2NDMtZTk0Ny00YTQ0LWIzYWEtMWI5MGQ0Mjg1OTNkXkEyXkFqcGdeQXVyNzkwMjQ5NzM@._V1_UX140_CR0,0,140,209_AL_.jpg'),
(244, 'Jurassic Park', 2, 1993, 127, 2, 3, 'https://m.media-amazon.com/images/M/MV5BMjM2MDgxMDg0Nl5BMl5BanBnXkFtZTgwNTM2OTM5NDE@._V1_UX140_CR0,0,140,209_AL_.jpg'),
(245, 'Indiana Jones e il tempio maledetto', 2, 1984, 118, 2, 2, 'https://m.media-amazon.com/images/M/MV5BMGI1NTk2ZWMtMmI0YS00Yzg0LTljMzgtZTg4YjkyY2E5Zjc0XkEyXkFqcGdeQXVyNzkwMjQ5NzM@._V1_UY209_CR0,0,140,209_AL_.jpg'),
(246, 'The Bourne Ultimatum - Il ritorno dello sciacallo', 380, 2007, 115, 6, 4, 'https://m.media-amazon.com/images/M/MV5BNGNiNmU2YTMtZmU4OS00MjM0LTlmYWUtMjVlYjAzYjE2N2RjXkEyXkFqcGdeQXVyNDk3NzU2MTQ@._V1_UY209_CR0,0,140,209_AL_.jpg'),
(247, 'Battle Royale', 412, 2000, 114, 3, 5, 'https://m.media-amazon.com/images/M/MV5BMDc2MGYwYzAtNzE2Yi00YmU3LTkxMDUtODk2YjhiNDM5NDIyXkEyXkFqcGdeQXVyMTEwNDU1MzEy._V1_UX140_CR0,0,140,209_AL_.jpg'),
(248, 'Narciso nero', 314, 1947, 101, 4, 6, 'https://m.media-amazon.com/images/M/MV5BOTcxYjE5MzQtMzg0OC00ZWViLTlhNTYtODUwOWViMjNhNDg3XkEyXkFqcGdeQXVyMTY5Nzc4MDY@._V1_UX140_CR0,0,140,209_AL_.jpg'),
(249, 'Delicatessen', 413, 1991, 99, 2, 4, 'https://m.media-amazon.com/images/M/MV5BNjg5ZDM0MTEtYTZmNC00NDJiLWI5MTktYzk4N2QxY2IxZTc2L2ltYWdlXkEyXkFqcGdeQXVyNTAyODkwOQ@@._V1_UY209_CR8,0,140,209_AL_.jpg'),
(250, 'Requiem for a Dream', 414, 2000, 102, 4, 3, 'https://m.media-amazon.com/images/M/MV5BOTdiNzJlOWUtNWMwNS00NmFlLWI0YTEtZmI3YjIzZWUyY2Y3XkEyXkFqcGdeQXVyNjU0OTQ0OTY@._V1_UX140_CR0,0,140,209_AL_.jpg'),
(251, 'Nuovo Cinema Paradiso', 415, 1988, 155, 5, 2, 'https://m.media-amazon.com/images/M/MV5BM2FhYjEyYmYtMDI1Yy00YTdlLWI2NWQtYmEzNzAxOGY1NjY2XkEyXkFqcGdeQXVyNTA3NTIyNDg@._V1_UY209_CR0,0,140,209_AL_.jpg'),
(252, 'Forrest Gump', 18, 1994, 142, 6, 2, 'https://m.media-amazon.com/images/M/MV5BNWIwODRlZTUtY2U3ZS00Yzg1LWJhNzYtMmZiYmEyNmU1NjMzXkEyXkFqcGdeQXVyMTQxNzMzNDI@._V1_UY209_CR2,0,140,209_AL_.jpg'),
(253, 'Brighton Rock', 416, 1948, 92, 6, 1, 'https://m.media-amazon.com/images/M/MV5BMDI2NGYxMGItNzFkMi00Y2EzLThiNmMtMzE2OTMxODIzOTM0L2ltYWdlL2ltYWdlXkEyXkFqcGdeQXVyNjc1NTYyMjg@._V1_UY209_CR1,0,140,209_AL_.jpg'),
(254, 'King Kong', 417, 1933, 100, 2, 1, 'https://m.media-amazon.com/images/M/MV5BZTY3YjYxZGQtMTM2YS00ZmYwLWFlM2QtOWFlMTU1NTAyZDQ2XkEyXkFqcGdeQXVyNTgyNTA4MjM@._V1_UX140_CR0,0,140,209_AL_.jpg'),
(255, 'Heimat', 418, 1984, 92, 7, 3, 'https://m.media-amazon.com/images/M/MV5BODgyMDA3MTEyNl5BMl5BanBnXkFtZTcwNDc3MTIyMQ@@._V1_UX140_CR0,0,140,209_AL_.jpg'),
(256, 'La vita è un sogno', 335, 1993, 102, 2, 4, 'https://m.media-amazon.com/images/M/MV5BMTM5MDY5MDQyOV5BMl5BanBnXkFtZTgwMzM3NzMxMDE@._V1_UY209_CR0,0,140,209_AL_.jpg'),
(257, 'La caduta - Gli ultimi giorni di Hitler', 419, 2004, 156, 4, 5, 'https://m.media-amazon.com/images/M/MV5BMTU0NTU5NTAyMl5BMl5BanBnXkFtZTYwNzYwMDg2._V1_UY209_CR1,0,140,209_AL_.jpg'),
(258, 'Scandalo a Filadelfia', 420, 1940, 112, 2, 6, 'https://m.media-amazon.com/images/M/MV5BYjQ4ZDA4NGMtMTkwYi00NThiLThhZDUtZTEzNTAxOWYyY2E4XkEyXkFqcGdeQXVyMjUxODE0MDY@._V1_UY209_CR1,0,140,209_AL_.jpg'),
(259, 'All That Jazz - Lo spettacolo comincia', 421, 1979, 123, 1, 5, 'https://m.media-amazon.com/images/M/MV5BZWE4N2JkNDUtZDU4MC00ZjNhLTlkMjYtOTNkMjZhMDAwMDMyXkEyXkFqcGdeQXVyMTA0MjU0Ng@@._V1_UY209_CR0,0,140,209_AL_.jpg'),
(260, 'Il vaso di Pandora', 422, 1929, 109, 2, 4, 'https://m.media-amazon.com/images/M/MV5BNzdlNmJlNmItNWUyMC00YTJlLTlmNDAtYmRiYzdiZTM2MjAzXkEyXkFqcGdeQXVyNTcwNjUwNzk@._V1_UY209_CR4,0,140,209_AL_.jpg'),
(261, 'Sfida infernale', 367, 1946, 97, 5, 3, 'https://m.media-amazon.com/images/M/MV5BZTQ5MTc1NzYtZmIyYi00YzdjLTk4OWEtMDQyNmU1MTQ2MzkzXkEyXkFqcGdeQXVyNjc1NTYyMjg@._V1_UX140_CR0,0,140,209_AL_.jpg'),
(262, 'Aurora', 423, 1927, 94, 3, 2, 'https://m.media-amazon.com/images/M/MV5BNDVkYmYwM2ItNzRiMy00NWQ4LTlhMjMtNDI1ZDYyOGVmMzJjXkEyXkFqcGdeQXVyNTgzMzU5MDI@._V1_UX140_CR0,0,140,209_AL_.jpg'),
(263, 'Darling', 400, 1965, 128, 5, 1, 'https://m.media-amazon.com/images/M/MV5BOTYyMThlNWEtMmQxYi00ZDU4LWI3NzQtOTZiMTFkOGJkMmI0XkEyXkFqcGdeQXVyOTI2MjI5MQ@@._V1_UY209_CR2,0,140,209_AL_.jpg'),
(264, 'Il gattopardo', 424, 1963, 186, 2, 3, 'https://m.media-amazon.com/images/M/MV5BYTgxZjc4NjQtZWJlNS00MTNlLWE3NDQtMmEwZTEyZDMxMjVlXkEyXkFqcGdeQXVyNzMzNzY1OTQ@._V1_UY209_CR8,0,140,209_AL_.jpg'),
(265, 'Rambo', 425, 1982, 93, 7, 5, 'https://m.media-amazon.com/images/M/MV5BODBmOWU2YWMtZGUzZi00YzRhLWJjNDAtYTUwNWVkNDcyZmU5XkEyXkFqcGdeQXVyNDk3NzU2MTQ@._V1_UX140_CR0,0,140,209_AL_.jpg'),
(266, 'Il verdetto', 311, 1982, 129, 4, 4, 'https://m.media-amazon.com/images/M/MV5BMTU5MzMwMzAzM15BMl5BanBnXkFtZTcwNjYyMjA0Mg@@._V1_UX140_CR0,0,140,209_AL_.jpg');
INSERT INTO `film` (`IDfilm`, `Titolo`, `IDregista`, `Anno`, `Durata`, `IDmood`, `IDstato`, `Immagine`) VALUES
(267, 'Ninotchka', 426, 1939, 110, 5, 6, 'https://m.media-amazon.com/images/M/MV5BNTg0OTEyNjg2NV5BMl5BanBnXkFtZTgwODkyODE0MjE@._V1_UX140_CR0,0,140,209_AL_.jpg'),
(268, 'Il porto delle nebbi', 427, 1938, 91, 5, 1, 'https://m.media-amazon.com/images/M/MV5BMjAzMDMwMjgzMl5BMl5BanBnXkFtZTgwOTgzMTI0NDE@._V1_UY209_CR4,0,140,209_AL_.jpg'),
(269, 'The Black Cat', 428, 1934, 65, 6, 2, 'https://m.media-amazon.com/images/M/MV5BNTkzZmMzZDEtNGVlNC00MDdlLThjZDctOTg2YzY2YjMxN2IxXkEyXkFqcGdeQXVyMTE2NzA0Ng@@._V1_UY209_CR0,0,140,209_AL_.jpg'),
(270, 'The Blues Brothers - I fratelli Blues', 333, 1980, 133, 3, 3, 'https://m.media-amazon.com/images/M/MV5BYTdlMDExOGUtN2I3MS00MjY5LWE1NTAtYzc3MzIxN2M3OWY1XkEyXkFqcGdeQXVyNzkwMjQ5NzM@._V1_UX140_CR0,0,140,209_AL_.jpg'),
(271, 'Ricomincio da capo', 429, 1993, 101, 2, 4, 'https://m.media-amazon.com/images/M/MV5BZWIxNzM5YzQtY2FmMS00Yjc3LWI1ZjUtNGVjMjMzZTIxZTIxXkEyXkFqcGdeQXVyNjU0OTQ0OTY@._V1_UY209_CR0,0,140,209_AL_.jpg'),
(272, 'L\'uomo dei sogni', 430, 1989, 107, 2, 5, 'https://m.media-amazon.com/images/M/MV5BNzk5OWY0YjAtYWU3ZS00Y2Q4LWFlNjItMzgwMTQ2MjIyMDFmL2ltYWdlL2ltYWdlXkEyXkFqcGdeQXVyMTQxNzMzNDI@._V1_UX140_CR0,0,140,209_AL_.jpg'),
(273, 'Vacanze romane', 381, 1953, 118, 2, 6, 'https://m.media-amazon.com/images/M/MV5BMTE2MDM4MTMtZmNkZC00Y2QyLWE0YjUtMTAxZGJmODMxMDM0XkEyXkFqcGdeQXVyNjc1NTYyMjg@._V1_UY209_CR0,0,140,209_AL_.jpg'),
(274, 'Il giardino delle vergini suicide', 347, 1999, 97, 5, 5, 'https://m.media-amazon.com/images/M/MV5BNTMyMjI3MmItODIzNS00OWNiLWE5NTQtYmNhNGNlOTYyYWExXkEyXkFqcGdeQXVyMTA0MjU0Ng@@._V1_UY209_CR0,0,140,209_AL_.jpg'),
(275, 'U-Boot 96', 431, 1981, 149, 6, 4, 'https://m.media-amazon.com/images/M/MV5BOGZhZDIzNWMtNjkxMS00MDQ1LThkMTYtZWQzYWU3MWMxMGU5XkEyXkFqcGdeQXVyNjc1NTYyMjg@._V1_UX140_CR0,0,140,209_AL_.jpg'),
(276, 'American Graffiti', 17, 1973, 110, 3, 3, 'https://m.media-amazon.com/images/M/MV5BMjI5NjM5MjIyNF5BMl5BanBnXkFtZTgwNjg2MTUxMDE@._V1_UY209_CR0,0,140,209_AL_.jpg'),
(277, 'A.I. - Intelligenza artificiale', 2, 2001, 146, 2, 2, 'https://m.media-amazon.com/images/M/MV5BNWU2NzEyMDYtM2MyOS00OGM3LWFkNzAtMzRiNzE2ZjU5ZTljXkEyXkFqcGdeQXVyNjU0OTQ0OTY@._V1_UX140_CR0,0,140,209_AL_.jpg'),
(278, 'Ghost World', 432, 2001, 111, 1, 1, 'https://m.media-amazon.com/images/M/MV5BNWYwODRlYjgtODUxNy00YmMyLWE3NWYtNTYzZmUwNDJiZGVlXkEyXkFqcGdeQXVyMTQxNzMzNDI@._V1_UY209_CR0,0,140,209_AL_.jpg'),
(279, 'Crimini e misfatti', 308, 1989, 104, 2, 6, 'https://m.media-amazon.com/images/M/MV5BYWY3N2EyOWYtNDVhZi00MWRkLTg2OTUtODNkNDQ5ZTIwMGJkXkEyXkFqcGdeQXVyMTMxODk2OTU@._V1_UX140_CR0,0,140,209_AL_.jpg'),
(280, 'La signora scompare', 28, 1938, 96, 6, 2, 'https://m.media-amazon.com/images/M/MV5BNjk3YzFjYTktOGY0ZS00Y2EwLTk2NTctYTI1Nzc2OWNiN2I4XkEyXkFqcGdeQXVyNzM0MTUwNTY@._V1_UY209_CR0,0,140,209_AL_.jpg'),
(281, 'Un posto al sole', 433, 1951, 122, 5, 3, 'https://m.media-amazon.com/images/M/MV5BMmNjMjE2ZDMtODQzYS00ZDc2LTk0ODgtNjI1NTNhZWI5MmE0XkEyXkFqcGdeQXVyNjUwNzk3NDc@._V1_UX140_CR0,0,140,209_AL_.jpg'),
(282, 'La morte del signor Lazarescu', 434, 2005, 153, 2, 4, 'https://m.media-amazon.com/images/M/MV5BMTcxNDk3MTQ3OF5BMl5BanBnXkFtZTcwODgwODczMQ@@._V1_UY209_CR1,0,140,209_AL_.jpg'),
(283, 'Pee-wee\'s Big Adventure', 306, 1985, 91, 2, 5, 'https://m.media-amazon.com/images/M/MV5BYTQ2MmVlNzctZGE5Ni00MGMwLWJmMWYtODAzZmRlZTljMGEzXkEyXkFqcGdeQXVyNTUyMzE4Mzg@._V1_UX140_CR0,0,140,209_AL_.jpg'),
(284, 'L\'uccello dalle piume di cristallo ', 435, 1970, 96, 6, 6, 'https://m.media-amazon.com/images/M/MV5BYjFiNzRkNjItYmVhMi00MzQ2LWJhOTAtYTljMGRhZjU2NTM3XkEyXkFqcGdeQXVyMTQxNzMzNDI@._V1_UX140_CR0,0,140,209_AL_.jpg'),
(285, 'Il mistero del falco', 313, 1941, 100, 6, 3, 'https://m.media-amazon.com/images/M/MV5BZjIwNGM1ZTUtOThjYS00NDdiLTk2ZDYtNGY5YjJkNzliM2JjL2ltYWdlL2ltYWdlXkEyXkFqcGdeQXVyMDI2NDg0NQ@@._V1_UX140_CR0,0,140,209_AL_.jpg'),
(286, 'Sin City', 436, 2005, 124, 7, 4, 'https://m.media-amazon.com/images/M/MV5BODZmYjMwNzEtNzVhNC00ZTRmLTk2M2UtNzE1MTQ2ZDAxNjc2XkEyXkFqcGdeQXVyMTQxNzMzNDI@._V1_UX140_CR0,0,140,209_AL_.jpg'),
(287, 'Il mio vicino Totoro', 410, 1988, 86, 2, 5, 'https://m.media-amazon.com/images/M/MV5BYzJjMTYyMjQtZDI0My00ZjE2LTkyNGYtOTllNGQxNDMyZjE0XkEyXkFqcGdeQXVyMTMxODk2OTU@._V1_UY209_CR4,0,140,209_AL_.jpg'),
(288, 'The Pusher', 437, 2004, 105, 6, 6, 'https://m.media-amazon.com/images/M/MV5BMTI5MTE1OTAzOV5BMl5BanBnXkFtZTcwNDc2OTgyMQ@@._V1_UY209_CR0,0,140,209_AL_.jpg'),
(289, 'Un giorno a New York', 438, 1949, 98, 5, 4, 'https://m.media-amazon.com/images/M/MV5BMTdmM2I3YjctYjg1MC00YjViLTkxNzMtMjQ5NTZhYmI2ZTA4XkEyXkFqcGdeQXVyMTY5Nzc4MDY@._V1_UX140_CR0,0,140,209_AL_.jpg'),
(290, 'Carlito\'s Way', 320, 1993, 144, 6, 3, 'https://m.media-amazon.com/images/M/MV5BN2I2N2Q1YmMtMzZkMC00Y2JjLWJmOWUtNjc2OTM2ZTk1MjUyXkEyXkFqcGdeQXVyNzkwMjQ5NzM@._V1_UX140_CR0,0,140,209_AL_.jpg'),
(291, 'Animal House', 333, 1978, 109, 1, 2, 'https://m.media-amazon.com/images/M/MV5BM2M2ZDA4MTYtOGRjMi00OTg5LWI1ZTUtMjQxZTc2NWZjNDFkXkEyXkFqcGdeQXVyNDk3NzU2MTQ@._V1_UX140_CR0,0,140,209_AL_.jpg'),
(292, 'Interceptor - Il guerriero della strada', 439, 1981, 96, 6, 1, 'https://m.media-amazon.com/images/M/MV5BN2VlNjNhZWQtMTY2OC00Y2E1LWJkNGUtMDU4M2ViNzliMGYwXkEyXkFqcGdeQXVyNTAyODkwOQ@@._V1_UX140_CR0,0,140,209_AL_.jpg'),
(293, 'Intervista col vampiro', 440, 1994, 123, 7, 3, 'https://m.media-amazon.com/images/M/MV5BYThmYjJhMGItNjlmOC00ZDRiLWEzNjUtZjU4MjA3MzY0MzFmXkEyXkFqcGdeQXVyNTI4MjkwNjA@._V1_UX140_CR0,0,140,209_AL_.jpg'),
(294, 'Il padrino - Parte III', 1, 1990, 162, 6, 2, 'https://m.media-amazon.com/images/M/MV5BNWFlYWY2YjYtNjdhNi00MzVlLTg2MTMtMWExNzg4NmM5NmEzXkEyXkFqcGdeQXVyMDk5Mzc5MQ@@._V1_UY209_CR0,0,140,209_AL_.jpg'),
(295, 'Ran', 35, 1985, 162, 7, 4, 'https://m.media-amazon.com/images/M/MV5BZDBjZTM4ZmEtOTA5ZC00NTQzLTkyNzYtMmUxNGU2YjI5YjU5L2ltYWdlXkEyXkFqcGdeQXVyNTAyODkwOQ@@._V1_UY209_CR4,0,140,209_AL_.jpg'),
(296, 'Scarface', 320, 1983, 170, 6, 5, 'https://m.media-amazon.com/images/M/MV5BNjdjNGQ4NDEtNTEwYS00MTgxLTliYzQtYzE2ZDRiZjFhZmNlXkEyXkFqcGdeQXVyNjU0OTQ0OTY@._V1_UX140_CR0,0,140,209_AL_.jpg'),
(297, 'Solaris', 441, 1972, 167, 6, 6, 'https://m.media-amazon.com/images/M/MV5BZmY4Yjc0OWQtZDRhMy00ODc2LWI2NGYtMWFlODYyN2VlNDQyXkEyXkFqcGdeQXVyNjU0OTQ0OTY@._V1_UY209_CR4,0,140,209_AL_.jpg'),
(298, 'L\'avventura', 442, 1960, 144, 5, 4, 'https://m.media-amazon.com/images/M/MV5BZDFlODBmZTYtMWU4MS00MzY4LWFmYzYtYzAzZmU1MGUzMDE5XkEyXkFqcGdeQXVyNTc1NDM0NDU@._V1_UY209_CR3,0,140,209_AL_.jpg'),
(299, 'Segreti e bugie', 443, 1996, 136, 2, 3, 'https://m.media-amazon.com/images/M/MV5BY2QzMTIxNjItNGQyNy00MjQzLWJiYTItMzIyZjdkYjYyYjRlXkEyXkFqcGdeQXVyMTAwMzUyOTc@._V1_UX140_CR0,0,140,209_AL_.jpg'),
(300, 'Chi ha incastrato Roger Rabbit', 18, 1988, 104, 2, 2, 'https://m.media-amazon.com/images/M/MV5BMDhiOTM2OTctODk3Ny00NWI4LThhZDgtNGQ4NjRiYjFkZGQzXkEyXkFqcGdeQXVyMTA0MjU0Ng@@._V1_UY209_CR0,0,140,209_AL_.jpg'),
(301, 'La cosa', 444, 1982, 109, 7, 2, 'https://m.media-amazon.com/images/M/MV5BNGViZWZmM2EtNGYzZi00ZDAyLTk3ODMtNzIyZTBjN2Y1NmM1XkEyXkFqcGdeQXVyNTAyODkwOQ@@._V1_UX140_CR0,0,140,209_AL_.jpg'),
(302, 'Rashomon', 35, 1950, 88, 6, 1, 'https://m.media-amazon.com/images/M/MV5BMjEzMzA4NDE2OF5BMl5BanBnXkFtZTcwNTc5MDI2NQ@@._V1_UY209_CR0,0,140,209_AL_.jpg'),
(303, 'Rocco e i suoi fratelli', 424, 1960, 179, 1, 1, 'https://m.media-amazon.com/images/M/MV5BODVlN2I4MzMtODI0Ny00MTdlLTkxZGItY2Q3ZDJkOWYwMmRkXkEyXkFqcGdeQXVyMTIyNzY1NzM@._V1_UY209_CR3,0,140,209_AL_.jpg'),
(304, 'La bella e la besti', 445, 1946, 96, 5, 3, 'https://m.media-amazon.com/images/M/MV5BODMwNmZjZmEtZGE5MS00NGIyLTlhNzQtMDNkNzk4ODkxZmI2XkEyXkFqcGdeQXVyNTAyODkwOQ@@._V1_UY209_CR7,0,140,209_AL_.jpg'),
(305, 'La maman et la putain', 446, 1973, 210, 5, 4, 'https://m.media-amazon.com/images/M/MV5BMjM3OTJiYTktNjNjMS00Yjc3LWE3ODktZjIxMDk1NzU1ZTQ3XkEyXkFqcGdeQXVyODU4MzMxNDg@._V1_UY209_CR10,0,140,209_AL_.jpg'),
(306, 'Il palloncino rosso', 447, 1956, 34, 1, 5, 'https://m.media-amazon.com/images/M/MV5BZGI3NzdmNDMtMWVmMS00OTJmLTgwZTYtMTQ1NzViODg1Zjg2XkEyXkFqcGdeQXVyNjMwMjk0MTQ@._V1_UY209_CR7,0,140,209_AL_.jpg'),
(307, 'Gli intoccabili', 320, 1987, 119, 6, 6, 'https://m.media-amazon.com/images/M/MV5BYTVjYWJmMWQtYWU4Ni00MWY3LWI2YmMtNTI5MDE0MWVmMmEzL2ltYWdlXkEyXkFqcGdeQXVyMTQxNzMzNDI@._V1_UX140_CR0,0,140,209_AL_.jpg'),
(308, 'Tutti gli uomini del presidente', 357, 1976, 138, 3, 5, 'https://m.media-amazon.com/images/M/MV5BOWI2YWQxM2MtY2U4Yi00YjgzLTgwNzktN2ExNTgzNTIzMmUzXkEyXkFqcGdeQXVyMTAwMzUyOTc@._V1_UX140_CR0,0,140,209_AL_.jpg'),
(309, 'Accadde una notte', 386, 1934, 105, 5, 4, 'https://m.media-amazon.com/images/M/MV5BYzJmMWE5NjAtNWMyZS00NmFiLWIwMDgtZDE2NzczYWFhNzIzXkEyXkFqcGdeQXVyNjc1NTYyMjg@._V1_UX140_CR0,0,140,209_AL_.jpg'),
(310, 'I senza nome', 378, 1970, 140, 6, 3, 'https://m.media-amazon.com/images/M/MV5BZDBhZmVjMDgtY2Q5MS00NTQzLTg5MWUtMjgwZWQwNDlmMDdkXkEyXkFqcGdeQXVyMjQzMzQzODY@._V1_UY209_CR7,0,140,209_AL_.jpg'),
(311, 'Ritrovarsi', 448, 1942, 88, 2, 2, 'https://m.media-amazon.com/images/M/MV5BMjU3MTlmNmUtZmMxZS00YTNmLTlkZWQtOTBhYjNkYjkyMWUxXkEyXkFqcGdeQXVyMTMxMTY0OTQ@._V1_UX140_CR0,0,140,209_AL_.jpg'),
(312, 'Una vampata d\'amore', 449, 1953, 93, 4, 1, 'https://m.media-amazon.com/images/M/MV5BN2EyZmJiMTYtMDA0ZS00NGVkLTgzMjQtYmEzZWNjZWJhNTM5XkEyXkFqcGdeQXVyNzQxNDExNTU@._V1_UY209_CR3,0,140,209_AL_.jpg'),
(313, 'Your Name', 450, 2016, 112, 1, 3, 'https://m.media-amazon.com/images/M/MV5BODRmZDVmNzUtZDA4ZC00NjhkLWI2M2UtN2M0ZDIzNDcxYThjL2ltYWdlXkEyXkFqcGdeQXVyNTk0MzMzODA@._V1_UX182_CR0,0,182,268_AL_.jpg'),
(314, 'Avatar', 22, 2009, 162, 3, 5, 'https://m.media-amazon.com/images/M/MV5BMTYwOTEwNjAzMl5BMl5BanBnXkFtZTcwODc5MTUwMw@@._V1_UX182_CR0,0,182,268_AL_.jpg'),
(315, 'prova', 1, 1990, 190, 7, 5, 'prova'),
(316, 'funziona', 451, 1990, 1990, 1, 1, 'funziona');

-- --------------------------------------------------------

--
-- Struttura della tabella `tattori`
--

CREATE TABLE `tattori` (
  `IDattore` int(11) NOT NULL,
  `Attore` varchar(50) NOT NULL
) ENGINE=InnoDB DEFAULT CHARSET=utf8mb4;

--
-- Dump dei dati per la tabella `tattori`
--

INSERT INTO `tattori` (`IDattore`, `Attore`) VALUES
(1, 'Marlon Brando'),
(2, 'Al Pacino'),
(3, 'Harrison Ford '),
(4, 'Karen Allen'),
(5, 'Mark Hamill'),
(6, 'Tim Robbins '),
(7, 'Morgan Freeman'),
(8, 'Roy Scheider '),
(9, 'Robert Shaw'),
(10, 'Robert De Niro '),
(11, 'Ray Liotta'),
(12, 'Martin Sheen'),
(13, 'Gene Kelly'),
(14, 'Donald O\'Connor'),
(15, 'John Travolta '),
(16, 'Uma Thurman'),
(17, 'Brad Pitt'),
(18, 'Edward Norton '),
(19, 'Cathy Moriarty'),
(20, 'Jack Lemmon'),
(21, 'Shirley MacLaine'),
(22, 'Jack Nicholson '),
(23, 'Faye Dunaway'),
(24, 'Henry Fonda'),
(25, 'Charles Bronson'),
(26, 'Christian Bale '),
(27, 'Heath Ledger'),
(28, 'Keir Dullea'),
(29, 'Gary Lockwood'),
(30, 'Jodie Foster'),
(31, 'Humphrey Bogart '),
(32, 'Ingrid Bergman'),
(33, 'Rutger Hauer'),
(34, 'Orson Welles '),
(35, 'Michael J. Fox '),
(36, 'Christopher Lloyd'),
(37, 'Ian McKellen'),
(38, 'Clint Eastwood '),
(39, 'Eli Wallach'),
(40, 'Peter Sellers '),
(41, 'George C. Scott'),
(42, 'Marilyn Monroe '),
(43, 'Tony Curtis '),
(44, 'Joseph Cotten'),
(45, 'Bruce Willis '),
(46, 'Alan Rickman'),
(47, 'Sigourney Weaver '),
(48, 'Michael Biehn'),
(49, 'Clark Gable '),
(50, 'Vivien Leigh'),
(51, 'Paul Newman '),
(52, 'Robert Redford '),
(53, 'Tom Skerritt'),
(54, 'Elijah Wood '),
(55, 'Viggo Mortensen'),
(56, 'Arnold Schwarzenegger '),
(57, 'Linda Hamilton'),
(58, 'Anatoliy Solonitsyn '),
(59, 'Ivan Lapikov'),
(60, 'Malcolm McDowell '),
(61, 'Patrick Magee'),
(62, 'Keanu Reeves '),
(63, 'Laurence Fishburne'),
(64, 'James Stewart '),
(65, 'Kim Novak'),
(66, 'Jean-Pierre L?aud '),
(67, 'Albert Remy'),
(68, 'Dennis Price '),
(69, 'Alec Guinness'),
(70, 'Jeff Bridges '),
(71, 'John Goodman'),
(72, 'Liam Neeson '),
(73, 'Ralph Fiennes'),
(74, 'Anthony Perkins '),
(75, 'Janet Leigh '),
(76, 'Karl Malden'),
(77, 'Henry Thomas '),
(78, 'Drew Barrymore'),
(79, 'Rob Reiner'),
(80, 'Michael McKean'),
(81, 'Bruce Campbell '),
(82, 'Sarah Berry'),
(83, 'Toshiro Mifune'),
(84, 'Takashi Shimura'),
(95, 'Kevin Farella'),
(96, 'Kevin Farella2'),
(97, 'Daniel Craig'),
(98, 'Eva Green'),
(99, 'ProvaInventato'),
(100, 'ProvaInventato1'),
(101, 'Marcello Mastroianni'),
(102, 'Anouk Aims'),
(103, 'Shelley Duvall'),
(104, 'Jake Gyllenhaal'),
(105, 'Jena Malone'),
(106, ':Marcello Mastroianni'),
(107, 'Anita Ekberg'),
(108, 'Peter O\'Toole'),
(109, 'Cary Grant'),
(110, 'Rosalind Russell'),
(111, 'Richard Dreyfuss'),
(112, 'Francois Truffaut'),
(113, 'Aleksey Kravchenko'),
(114, 'Olga Mironova'),
(115, 'Kevin Spacey'),
(116, 'Gabriel Byrne'),
(117, 'Dustin Hoffman'),
(118, 'Anne Bancroft'),
(119, 'William Holden'),
(120, 'Gloria Swanson'),
(121, 'Choi Min-sik'),
(122, 'Yoo Ji-Tae'),
(123, 'Ruth Gordon'),
(124, 'Bud Cort'),
(125, 'Johnny Depp'),
(126, 'Winona Ryder'),
(127, 'Chisho Ryu'),
(128, 'Chieko Higashiyama'),
(129, 'Woody Allen'),
(130, 'Diane Keaton'),
(131, 'Irene Jacob'),
(132, 'Jean-Louis Trintignant'),
(133, 'Wil Wheaton'),
(134, 'River Phoenix'),
(135, 'Robert Mitchum'),
(136, 'Shelley Winters'),
(137, ' Henry Fonda'),
(138, 'Lee J. Cobb'),
(139, 'Jim Carrey'),
(140, 'Kate Winslet'),
(141, 'Walter Huston'),
(142, 'David Niven'),
(143, 'Kim Hunter'),
(144, 'Kirk Douglas'),
(145, 'Laurence Olivier'),
(146, 'Mia Farrow'),
(147, 'John Cassavetes'),
(148, 'Jim Caviezel'),
(149, 'Sean Penn'),
(150, ':Roger Livesey'),
(151, 'Deborah Kerr'),
(152, 'Christian Bal'),
(153, 'Michael Caine'),
(154, 'Steve McQueen'),
(155, 'James Garner'),
(156, ':Jonathan Pryce'),
(157, 'Kim Greist'),
(158, 'Russell Crowe'),
(159, 'Isabella Rossellini'),
(160, 'Kyle MacLachlan'),
(161, 'Sissy Spacek'),
(162, 'Piper Laurie'),
(163, 'Jerry Lewis'),
(164, 'Matthew Broderick'),
(165, 'Alan Ruck'),
(166, 'Tom Cruise'),
(167, 'Jason Robards'),
(168, 'Billy Crystal'),
(169, 'Meg Ryan'),
(170, 'James Woods'),
(171, 'Fernando Fernan  Gomez'),
(172, 'Teresa Gimpera'),
(173, 'Ernest Borgnine'),
(174, 'Eijiro Tono'),
(175, 'Annette Bening'),
(176, 'Harvey Keitel'),
(177, 'Tim Roth'),
(178, 'Eva Marie Saint'),
(179, 'Tom Hanks'),
(180, 'Tim Allen'),
(181, 'Nicolas Cage'),
(182, 'Holly Hunter'),
(183, 'Jackie Gleason'),
(184, 'Grace Kelly'),
(185, 'Marcel Dalio'),
(186, 'Nora Gregor'),
(187, 'Louise Fletcher'),
(188, 'Paul Scofield'),
(189, 'Wendy Hiller'),
(190, 'David Naughton'),
(191, 'Jenny Agutter'),
(192, 'Luigi Ornaghi'),
(193, 'Francesca Moriggi'),
(194, 'Charlton Heston'),
(195, 'Ethan Hawke'),
(196, 'Julie Delpy'),
(197, 'Klaus Kinski'),
(198, 'Claudia Cardinale'),
(199, 'Sergio Corrieri'),
(200, 'Salvador Wood'),
(201, 'Will Ferrell'),
(202, 'Christina Applegate'),
(203, 'Gene Hackman'),
(204, 'John Cazale'),
(205, 'Cleavon Little'),
(206, 'Gene Wilder'),
(207, 'John Wayne'),
(208, 'Dean Martin'),
(209, 'Albert Finney'),
(210, 'Richard E. Grant'),
(211, 'Paul McGann'),
(212, 'Yves Montand'),
(213, 'Charles Vane'),
(214, 'Brahim Hadjadj'),
(215, 'Jean Martin'),
(216, 'Alfonso Mej¡a'),
(217, 'Roberto Cobo'),
(218, 'Cary Elwes'),
(219, 'Mandy Patinkin'),
(220, 'Gena Rowlands'),
(221, 'Peter Falk'),
(222, 'Anthony Hopkins'),
(223, 'Jean-Paul Belmondo'),
(224, 'Jean Seberg'),
(225, 'James Coburn'),
(226, 'Kris Kristofferson'),
(227, 'Bill Murray'),
(228, 'Scarlett Johansson'),
(229, 'Wallace Ford'),
(230, 'Sean Connery'),
(231, 'Daniel Day-Lewis'),
(232, 'Madeleine Stowe'),
(233, 'Ivana Baquero'),
(234, 'Ariadna Gi'),
(235, 'Fred MacMurray'),
(236, 'Barbara Stanwyck'),
(237, 'Groucho Marx'),
(238, 'Harpo Marx'),
(239, 'F. Murray Abraham'),
(240, 'Tom Hulce'),
(241, 'Kevin Costner'),
(242, 'Mary McDonnell'),
(243, 'George Kennedy'),
(244, 'Nancy Allen'),
(245, 'Helen Hunt'),
(246, 'Adriana Caselotti'),
(247, 'Harry Stockwell'),
(248, 'Billy Crudup'),
(249, 'Patrick Fugit'),
(250, 'G‚rard Depardieu'),
(251, 'Anne Broche'),
(252, 'Paul Dano'),
(253, 'Meryl Streep'),
(254, 'Kevin Kline'),
(255, 'Warren Beatty'),
(256, 'Julie Christie'),
(257, 'Irene Papas'),
(258, 'Anton Walbrook'),
(259, 'Marius Goring'),
(260, 'Joaquin Phoenix'),
(261, 'Mark Wahlberg'),
(262, 'Julianne Moore'),
(263, 'Peter Wyngarde'),
(264, 'Jean-Hugues Anglade'),
(265, 'B‚atrice Dalle'),
(266, 'Matt Damon'),
(267, 'Christian Slater'),
(268, 'Patricia Arquette'),
(269, 'Gwyneth Paltrow'),
(270, 'Mel Gibson'),
(271, 'Heather Langenkamp'),
(272, 'Jeffrey Hunter'),
(273, 'Sylvia Bataille'),
(274, 'Jane Marken'),
(275, 'Gert Frobe'),
(276, 'Donald Sutherland'),
(277, 'Jessica Lange'),
(278, 'Silvia Pinal'),
(279, 'Francisco Rabal'),
(280, 'Vincent Cassel'),
(281, 'Hubert Kound'),
(282, 'Celia Johnson'),
(283, 'Trevor Howard'),
(284, 'Judy Garland'),
(285, 'Frank Morgan'),
(286, 'Guy Pearce'),
(287, 'Carrie-Anne Moss'),
(288, 'Christopher Reeve'),
(289, 'Margot Kidder'),
(290, 'Jason Schwartzman'),
(291, 'Eric Portman'),
(292, 'Sheila Sim'),
(293, 'Alexandre Rodrigues'),
(294, 'Leandro Firmino'),
(295, 'Ole Olsen'),
(296, 'Chic Johnson'),
(297, 'Gregory Peck'),
(298, 'John Megna'),
(299, 'Dolly Read'),
(300, 'Cynthia Myers'),
(301, 'James Fox'),
(302, 'Mick Jagger'),
(303, 'Alain Delon'),
(304, 'Francois Perier'),
(305, 'Andrew Robinson'),
(306, 'Ralph Meeker'),
(307, 'David Alan Basche'),
(308, 'Olivia Thirlby'),
(309, 'Jean Simmons'),
(310, 'Jack Black'),
(311, 'Mike White'),
(312, 'Dan Aykroyd'),
(313, 'Elizabeth Perkins'),
(314, 'Jack Nance'),
(315, 'Charlotte Stewart'),
(316, 'Martin Landau'),
(317, 'Lamberto Maggiorani'),
(318, 'Enzo Staiola'),
(319, 'Donna Reed'),
(320, 'Audrey Tautou'),
(321, 'Mathieu Kassovitz'),
(322, 'Patrick Swayze'),
(323, 'William H. Macy'),
(324, 'Frances McDormand'),
(325, 'Marilyn Burns'),
(326, 'Edwin Neal'),
(327, 'Julie Delp'),
(328, 'Gary Oldman'),
(329, 'Yun-Fat Chow'),
(330, 'Danny Lee'),
(331, 'Graham Chapman'),
(332, 'John Cleese'),
(333, 'Boris Karloff'),
(334, 'Elsa Lanchester'),
(335, 'Lili Taylor'),
(336, 'Christopher Walken'),
(337, 'Ellen Burstyn'),
(338, 'Max von Sydow'),
(339, 'Leonardo DiCaprio'),
(340, 'Burt Lancaste'),
(341, 'Peter Riegert'),
(342, 'Charlie Sheen'),
(343, 'Tom Berenger'),
(344, 'Nicole Kidman'),
(345, 'Ewan McGregor'),
(346, 'Peter Lorre'),
(347, 'Ellen Widmann'),
(348, 'Lars Nordh'),
(349, 'Stefan Larsson'),
(350, 'Lino Ventura'),
(351, 'Paul Meurisse'),
(352, 'Pam Grier'),
(353, 'Samuel L. Jackson'),
(354, 'Peter Finch'),
(355, 'Glenda Jackson'),
(356, 'Yul Brynner'),
(357, 'Jacques Tati'),
(358, 'Nathalie Pascaud'),
(359, 'Sondra Locke'),
(360, 'Dennis Quaid'),
(361, 'Aleksei Ananishnov'),
(362, 'Gudrun Geye'),
(363, 'Xander Berkeley'),
(364, 'Pete Postlethwaite'),
(365, 'Freda Dowie'),
(366, 'Ian Hendry'),
(367, 'Claire Danes'),
(368, 'Jean Reno'),
(369, 'Tommy Lee Jones'),
(370, 'Javier Bardem'),
(371, 'Ulrich Thomsen'),
(372, 'Henning Moritzen'),
(373, 'Chieko Baisho'),
(374, 'Takuya Kimura'),
(375, 'Simon Pegg'),
(376, 'Nick Frost'),
(377, 'Sam Neill'),
(378, 'Laura Dern'),
(379, 'Kate Capshaw'),
(380, 'Edgar Ramírez'),
(381, 'Tatsuya Fujiwara'),
(382, 'Aki Maeda'),
(383, 'David Farrar'),
(384, 'Marie-Laure Dougnac'),
(385, 'Dominique Pinon'),
(386, 'Jared Leto'),
(387, 'Philippe Noiret'),
(388, 'Enzo Cannavale'),
(389, 'Robin Wright'),
(390, 'Richard Attenborough'),
(391, 'Hermione Baddeley'),
(392, 'Fay Wray'),
(393, 'Robert Armstrong'),
(394, 'Marita Breuer'),
(395, 'Rüdiger Weigang'),
(396, 'Jason London'),
(397, 'Wiley Wiggins'),
(398, 'Bruno Ganz'),
(399, 'Alexandra Maria Lara'),
(400, 'Katharine Hepburn'),
(401, 'Louise Brooks'),
(402, 'Fritz Kortner'),
(403, 'Linda Darnell'),
(404, 'George O\'Brien'),
(405, 'Janet Gaynor'),
(406, 'Dirk Bogarde'),
(407, 'Burt Lancaster'),
(408, 'Sylvester Stallone'),
(409, 'Brian Dennehy'),
(410, 'Charlotte Rampling'),
(411, 'Greta Garbo'),
(412, 'Melvyn Douglas'),
(413, 'Jean Gabin'),
(414, 'Michel Simon'),
(415, 'Bela Lugosi'),
(416, 'John Belushi'),
(417, 'Andie MacDowel'),
(418, 'James Earl Jones'),
(419, 'Audrey Hepburn'),
(420, 'Kirsten Dunst'),
(421, 'Josh Hartnett'),
(422, 'Jürgen Prochnow'),
(423, 'Herbert Gronemeyer'),
(424, 'Ron Howard'),
(425, 'Haley Joel Osment'),
(426, 'Jude Law'),
(427, 'Steve Buscemi'),
(428, 'Thora Birch'),
(429, 'Margaret Lockwood'),
(430, 'Michael Redgrave'),
(431, 'Montgomery Clift'),
(432, 'Elizabeth Taylor'),
(433, 'Doru Ana'),
(434, 'Monica Barladeanu'),
(435, 'Paul Reubens'),
(436, 'Elizabeth Daily'),
(437, 'Tony Musante'),
(438, 'Suzy Kendall'),
(439, 'Mary Astor'),
(440, 'Mickey Rourke'),
(441, 'Hitoshi Takagi'),
(442, 'Noriko Hidaka'),
(443, 'Sienna Miller'),
(444, 'Frank Sinatra'),
(445, 'Bruce Spence'),
(446, 'Tatsuya Nakadai'),
(447, 'Akira Terao'),
(448, 'Michelle Pfeiffer'),
(449, 'Natalya Bondarchuk'),
(450, 'Donatas Banionis'),
(451, 'Gabriele Ferzetti'),
(452, 'Monica Vitti'),
(453, 'Timothy Spall'),
(454, 'Brenda Blethyn'),
(455, 'Bob Hoskins'),
(456, 'Kurt Russell'),
(457, 'Wilford Brimley'),
(458, 'Machiko Kyo'),
(459, 'Renato Salvatori'),
(460, 'Jean Marais'),
(461, 'Josette Day'),
(462, 'Jean-Pierre Léaud'),
(463, 'Bernadette Lafont'),
(464, 'Pascal Lamorisse'),
(465, 'Sabine Lamorisse'),
(466, 'Claudette Colbert'),
(467, 'Bourvil'),
(468, 'Joel McCrea'),
(469, 'Harriet Andersson'),
(470, 'Hasse Ekman'),
(471, 'Ryunosuke Kamiki'),
(472, 'Mone Kamishiraishi'),
(473, 'Sam Worthington'),
(474, 'Zoe Saldana'),
(475, 'funziona'),
(476, 'funziona1');

-- --------------------------------------------------------

--
-- Struttura della tabella `tcitazioni`
--

CREATE TABLE `tcitazioni` (
  `Citazione` varchar(255) CHARACTER SET utf8 NOT NULL,
  `Titolo` varchar(255) NOT NULL
) ENGINE=InnoDB DEFAULT CHARSET=utf8mb4;

--
-- Dump dei dati per la tabella `tcitazioni`
--

INSERT INTO `tcitazioni` (`Citazione`, `Titolo`) VALUES
('«A volte, sono le persone che nessuno immagina a fare ciò che nessuno può immaginare.»', '(The imitation game)'),
('«Addio, miei coraggiosi Hobbit. La mia opera ? terminata qui, infine, sulle rive del mare, si scioglie la nostra compagnia. Non vi dir? \"Non piangete\"... perch? non tutte le lacrime sono un male .?', '(Il Signore degli Anelli - Il ritorno del re)'),
('«Al mio segnale, scatenate l’inferno.»', '(Il gladiatore)'),
('«Amare significa non dover mai dire mi spiace.?', '(Love Story)'),
('«Aspetta un minuto, aspetta un minuto. Non hai ancora sentito niente!?', '(Il Cantante Jazz)'),
('«Avete notato? Oggi nessuno fa pi? un lavoro, tutti fanno qualcosa di artistico?', '(This Must Be The Place)'),
('«Avremo sempre Parigi.»', '(Casablanca)'),
('«Badge? Non abbiamo bisogno di badge! Non devo portare nessuno schifoso badge!?', '(Il Tesoro Della Sierra Madre)'),
('«Beh, nessuno ? perfetto.?', '(A Qualcuno Piace Caldo)'),
('«Beh, nessuno è perfetto.»', '(A qualcuno piace caldo)'),
('«Beh, non ? ancora il momento di cominciare a farci i pompini a vicenda.?', '(Pulp Fiction)'),
('«Bisognerebbe vivere fuori dalle passioni, oltre i sentimenti, nell’armonia che c’è nell’opera d’arte riuscita, in quell’ordine incantato… Dovremmo riuscire ad amarci tanto da vivere fuori del tempo, distaccati…»', '(La dolce vita)'),
('«Carpe diem, cogliete l\'attimo ragazzi, rendete straordinaria la vostr  vita.?', '(L\'attimo Fuggente)'),
('«Ce l\'ho fatta, Ma\'. Sono in cima al mondo!.?', '(La Furia Umana)'),
('«Che la Forza sia con te.»', '(Guerre stellari)'),
('«Chi ? il primo??', '(L\'arca Di Noe\')'),
('«Ci serve una barca più grossa.»', '(Lo squalo)'),
('«Ciao Danny. Vieni a giocare con noi?»', '(Shining)'),
('«Come ti chiami? Leon. Che nome cazzuto.?', '(L?on)'),
('«Coprimi di soldi!?', '(Jerry Maguire)'),
('«Dopotutto, domani è un altro giorno.»', '(Via col vento)'),
('«E d\'un tratto capii che il pensare ? per gli stupidi, mentre i cervelluti si affidano all\'ispirazione.?', '(Arancia Meccanica)'),
('«E.T. telefono casa.»', '(E.T. l’extra-terrestre)'),
('«Ed è solo allora che sai d\'aver trovato qualcuno speciale, quando puoi chiudere quella cazzo di bocca per un momento, e condividere il silenzio in santa pace.?', '(Pulp Fiction)'),
('«Elementare, mio caro Watson.»', '(Le avventure di Sherlock Holmes)'),
('«Fare o non fare. Non c’è provare.»', '(Guerre stellari)'),
('«Fatti fottere, stronzo.»', '(Terminator)'),
('«Francamente me ne infischio.?', '(Via Col Vento)'),
('«Gli farò un’offerta che non potrà rifiutare.»', '(Il padrino)'),
('«Hasta la vista, baby.»', '(Terminator 2)'),
('«Ho smesso di fumare. Vivrò una settimana di più e in quella settimana pioverà a dirotto.»', '(Manhattan)'),
('«Houston, abbiamo un problema.»', '(Apollo 13)'),
('«I tuoi genitori hanno anche figli normali?»', '(Full Metal Jacket)'),
('«Il mattino ha l’oro in bocca [letteralmente: tutto lavoro e niente svago rendono Jack un ragazzo annoiato].»', '(Shining)'),
('«Il mio nome è Bond, James Bond.»', '(Agente 007 – Licenza di uccidere)'),
('«Il mio tesssoro!»', '(Il Signore degli Anelli - La  Compagnia dell\'Anello)'),
('«Io ne ho viste cose che voi umani non potreste immaginare»', '(Blade Runner)'),
('«Io non sono cattiva. È che mi disegnano così.»', '(Chi ha incastrato Roger Rabbit)'),
('«La materia di cui sono fatti i sogni.?', '(Shakespeare In Love)'),
('«La vita ? un banchetto ed i poveri scemi muoiono di fame!?', '(La Signora Mia Zia)'),
('«La vita è come una scatola di cioccolatini. Non sai mai quello che ti capita.»', '(Forrest Gump)'),
('«Lascia stare, Jake, ? Chinatown.?', '(Chinatown)'),
('«Lei di sicuro non rischia di essere un ortaggio, perch? perfino un carciofo ha un cuore.?', '(Il  favoloso Mondo Di Amelie)'),
('«Louis, credo che questo sia l\'inizio di una bella amicizia?', '(Casablanca)'),
('«Ma dici a me?»', '(Taxi Driver) '),
('«Ma non ? questo. ? questione di classe! Potevo diventare un campione. Potevo diventare qualcuno, invece di niente, come sono adesso.?', '(Fronte Del Porto)'),
('«Ma non è questo. È questione di classe! Potevo diventare un campione. Potevo diventare qualcuno, invece di niente, come sono adesso.»', '(Fronte del porto)'),
('«Maccherone m’hai provocato? …e io me te magno!»', '(Un Americano a Roma)'),
('«Mamma diceva sempre: la vita ? come una scatola di cioccolatini, non sai mai quello che ti capita.?', '(Forrest Gump)'),
('«Metti la cera, togli la cera.»', '(Per vincere domani – The Karate Kid)'),
('«Mi chiamo Massimo Decimo Meridio, comandante dell’esercito del Nord, generale delle legioni Felix, servo leale dell’unico vero imperatore Marco Aurelio. Padre di un figlio assassinato, marito di una moglie uccisa. E avrò la mia vendetta, in questa vita o', '(Il gladiatore)'),
('«Mi dispiace, ma io so\' io e voi non siete un cazzo!?', '(Ll Marchese Del Grillo)'),
('«Mi piace l’odore del napalm al mattino.»', '(Apocalypse now)'),
('«Nessun posto ? bello come casa mia.?', '(Il Mago Di Oz)'),
('«Nessun posto è bello come casa mia.»', '(Il mago di Oz)'),
('«Nessuno può chiamarmi fifone.»', '(Ritorno al futuro)'),
('«Nessuno può mettere Baby in un angolo.»', '(Dirty Dancing)'),
('«Non discuto mai d’amore a stomaco vuoto.»', '(Intrigo internazionale)'),
('«Non può piovere per sempre.»', '(Il corvo)'),
('«Oh, Adriana!?', '(Rocky)'),
('«Parlare in continuazione non significa comunicare.?', '(Se Mi Lasci Ti Cancello)'),
('«Per me due cose contano a questo mondo: le palle e la mia parola, e le ho sempre onorate tutte e due.»', '(Scarface)'),
('«Possono toglierci la vita, ma non ci toglieranno mai la libertà.»', ' (Cuore impavido)'),
('«Prima regola del Fight Club: non parlate mai del Fight Club.»', '(Fight Club)'),
('«Quando il mondo ti volta le spalle non devi far altro che voltargli le spalle anche tu.»', '(Il re leone)'),
('«Quando un uomo con la pistola incontra un uomo col fucile, quello con la pistola è un uomo morto.»', '(Per un pugno di dollari)'),
('«Quanto mi secca avere sempre ragione.»', '(Jurassic Park)'),
('«Quello che abbiamo qui ? un fallimento della comunicazione.?', '(Nick Mano Fredda)'),
('«Quello che ha preso la signorina!»', '(Harry, ti presento Sally…)'),
('«Quello che ha preso la signorina.?', '(Harry Ti Presento Sally)'),
('«Questo non è il Vietnam, è il bowling: ci sono delle regole.»', '(Il grande Lebowski)'),
('«Rispetto un regime di droghe piuttosto rigido per mantenere la mente flessibile.?', '(Il Grande Lebonski)'),
('«Rosabella.?', '(Quarto Potere)'),
('«Se io posso cambiare, e se voi potete cambiare, allora, tutto il mondo può cambiare!»', '(Rocky IV)'),
('«Se la merda avesse qualche valore i poveri nascerebbero senza buco del culo.»', '(Ancora 48 ore)'),
('«Sei matta, svitata, hai perso la testa… Ma ti dirò un segreto: tutti i migliori sono matti.»', '(Alice nel paese delle meraviglie)'),
('«Sei solo chiacchiere e distintivo!»', '(Gli intoccabili)'),
('«Sei troppo in basso nella catena alimentare per fare lo sbruffone!?', '(L\'era Glaciale)'),
('«Sento il bisogno - il bisogno di velocit??!?', '(Top Gun)'),
('«Si dice che al mondo ci sia tanta religione per far sì che gli uomini si odino, ma non abbastanza perché gli uomini si amino.»', '(Angel Heart)'),
('«Siamo in missione per conto di Dio.?', '(Blues Brothers)'),
('«Signora Robinson, lei sta tentando di sedurmi. O no??', '(Il Laureato)'),
('«Sono il re del mondo!»', '(Titanic)'),
('«Sono il Signor Wolf, risolvo problemi.»', '(Pulp Fiction)'),
('«Sono incazzato nero e tutto questo non lo accetter? pi?!?', '(Quinto Potere)'),
('«Strade? Dove stiamo andando non c’è bisogno di strade!»', '(Ritorno al futuro)'),
('«Stupido è chi lo stupido fa.»', '(Forrest Gump)'),
('«Ti ci vorrebbero almeno quattro secondi per andare di qui alla porta: te ne do due.»', '(Colazione da Tiffany)'),
('«Ti fidi di me?»', '(Titanic)'),
('«Tieni i tuoi amici vicini ma i tuoi nemici più vicini.»', '(Il padrino - Parte II)'),
('«Tornerò»', '(Terminator)'),
('«Toto, ho l\'impressione che noi non siamo pi? nel Kansas.?', '(Il Mago Di Oz)'),
('«Tutti abbiamo sia luce che oscurità dentro di noi. Ciò che conta è da che parte scegliamo di agire. È questo quello che siamo.', '(Harry Potter e l’ordine della Fenice)»'),
('«Un milione di dollari non è fico. Sai cos’è fico? Un miliardo di dollari.»', '(The Social Network)'),
('«Uno che faceva un censimento una volta tent? di interrogarmi. Mi mangiai il suo fegato con un bel piatto di fave ed un buon Chianti.?', '(Il Silenzio Degli Innocenti)'),
('«Vaffanculo! Vaffanculooo! Vi, a, effe, effe, ncuuulooo! Tu, il tuo negozio, la tua villa di merda, mi fai schifo, strooonzo!!! ........... Era occupato?', '(Tre Uomini E Un Gamba)'),
('«Vedi, il mondo si divide in due categorie: chi ha la pistola carica e chi scava. Tu scavi.»', '(Il buono, il brutto, il cattivo)'),
('«Verso l’infinito e oltre!»', '(Toy Story)');

-- --------------------------------------------------------

--
-- Struttura della tabella `tfilm_attori`
--

CREATE TABLE `tfilm_attori` (
  `IDfilm` int(11) NOT NULL,
  `IDattore` int(11) NOT NULL
) ENGINE=InnoDB DEFAULT CHARSET=utf8mb4;

--
-- Dump dei dati per la tabella `tfilm_attori`
--

INSERT INTO `tfilm_attori` (`IDfilm`, `IDattore`) VALUES
(1, 1),
(1, 2),
(2, 3),
(2, 4),
(3, 3),
(3, 5),
(4, 6),
(4, 7),
(5, 8),
(5, 9),
(6, 10),
(6, 11),
(7, 1),
(7, 12),
(8, 13),
(8, 14),
(9, 15),
(9, 16),
(10, 17),
(10, 18),
(11, 10),
(11, 19),
(12, 20),
(12, 21),
(13, 22),
(13, 23),
(14, 24),
(14, 25),
(15, 26),
(15, 27),
(16, 28),
(16, 29),
(17, 10),
(17, 30),
(18, 31),
(18, 32),
(19, 2),
(19, 10),
(20, 3),
(20, 33),
(21, 34),
(21, 44),
(22, 3),
(22, 5),
(23, 35),
(23, 36),
(24, 37),
(24, 54),
(25, 40),
(25, 41),
(26, 42),
(26, 43),
(27, 34),
(27, 44),
(28, 45),
(28, 46),
(29, 47),
(29, 48),
(30, 49),
(30, 50),
(31, 51),
(31, 52),
(32, 47),
(32, 53),
(33, 54),
(33, 55),
(34, 56),
(34, 57),
(35, 58),
(35, 59),
(36, 60),
(36, 61),
(37, 2),
(37, 10),
(38, 62),
(38, 63),
(39, 64),
(39, 65),
(40, 66),
(40, 67),
(41, 68),
(41, 69),
(42, 70),
(42, 71),
(43, 72),
(43, 73),
(44, 74),
(44, 75),
(45, 76),
(45, 4000),
(46, 77),
(46, 78),
(47, 79),
(47, 80),
(48, 81),
(48, 82),
(49, 83),
(49, 84),
(50, 38),
(50, 39),
(62, 97),
(62, 98),
(65, 101),
(65, 102),
(66, 22),
(66, 103),
(67, 104),
(67, 105),
(68, 37),
(68, 54),
(69, 97),
(69, 98),
(69, 106),
(69, 107),
(70, 69),
(70, 108),
(71, 109),
(71, 110),
(72, 111),
(72, 112),
(73, 113),
(73, 114),
(74, 115),
(74, 116),
(75, 117),
(75, 118),
(76, 119),
(76, 120),
(77, 121),
(77, 122),
(78, 123),
(78, 124),
(79, 125),
(79, 126),
(80, 127),
(80, 128),
(81, 129),
(81, 130),
(82, 131),
(82, 132),
(83, 133),
(83, 134),
(84, 135),
(84, 136),
(85, 137),
(85, 138),
(86, 139),
(86, 140),
(87, 31),
(87, 141),
(88, 142),
(88, 143),
(89, 129),
(89, 130),
(90, 144),
(90, 145),
(91, 146),
(91, 147),
(92, 148),
(92, 149),
(93, 150),
(93, 151),
(94, 152),
(94, 153),
(95, 154),
(95, 155),
(96, 156),
(96, 157),
(97, 115),
(97, 158),
(98, 159),
(98, 160),
(99, 161),
(99, 162),
(100, 10),
(100, 163),
(101, 164),
(101, 165),
(102, 166),
(102, 167),
(103, 168),
(103, 169),
(104, 3),
(104, 5),
(105, 10),
(105, 170),
(106, 171),
(106, 172),
(107, 119),
(107, 173),
(108, 83),
(108, 174),
(109, 115),
(109, 175),
(110, 176),
(110, 177),
(111, 109),
(111, 178),
(112, 179),
(112, 180),
(113, 23),
(113, 119),
(114, 181),
(114, 182),
(115, 51),
(115, 183),
(116, 64),
(116, 184),
(117, 185),
(117, 186),
(118, 22),
(118, 187),
(119, 188),
(119, 189),
(120, 190),
(120, 191),
(121, 192),
(121, 193),
(122, 34),
(122, 194),
(122, 195),
(122, 196),
(123, 197),
(123, 198),
(124, 199),
(124, 200),
(125, 201),
(125, 202),
(126, 203),
(126, 204),
(127, 205),
(127, 206),
(128, 207),
(128, 208),
(129, 116),
(129, 209),
(130, 210),
(130, 211),
(131, 212),
(131, 213),
(132, 214),
(132, 215),
(133, 216),
(133, 217),
(134, 218),
(134, 219),
(135, 220),
(135, 221),
(136, 30),
(136, 222),
(137, 223),
(137, 224),
(138, 225),
(138, 226),
(139, 51),
(139, 52),
(140, 227),
(140, 228),
(141, 64),
(141, 229),
(142, 153),
(142, 230),
(143, 231),
(143, 232),
(144, 233),
(144, 234),
(145, 235),
(145, 236),
(146, 7),
(146, 17),
(147, 237),
(147, 238),
(148, 239),
(148, 240),
(149, 241),
(149, 242),
(150, 51),
(150, 243),
(151, 15),
(151, 244),
(152, 22),
(152, 245),
(153, 246),
(153, 247),
(154, 248),
(154, 249),
(155, 250),
(155, 251),
(156, 231),
(156, 252),
(157, 253),
(157, 254),
(158, 255),
(158, 256),
(159, 32),
(159, 109),
(160, 212),
(160, 257),
(161, 258),
(161, 259),
(162, 8),
(162, 203),
(163, 158),
(163, 260),
(164, 261),
(164, 262),
(165, 151),
(165, 263),
(166, 264),
(166, 265),
(167, 12),
(167, 161),
(168, 179),
(168, 266),
(169, 267),
(169, 268),
(170, 38),
(170, 203),
(171, 203),
(171, 269),
(172, 21),
(172, 40),
(173, 47),
(173, 270),
(174, 125),
(174, 271),
(175, 69),
(175, 119),
(176, 207),
(176, 272),
(177, 273),
(177, 274),
(178, 230),
(178, 275),
(179, 256),
(179, 276),
(180, 117),
(180, 277),
(181, 278),
(181, 279),
(182, 280),
(182, 281),
(183, 282),
(183, 283),
(184, 284),
(184, 285),
(185, 286),
(185, 287),
(186, 288),
(186, 289),
(187, 227),
(187, 290),
(188, 291),
(188, 292),
(189, 293),
(189, 294),
(190, 295),
(190, 296),
(191, 179),
(191, 180),
(192, 297),
(192, 298),
(193, 299),
(193, 300),
(194, 301),
(194, 302),
(195, 303),
(195, 304),
(196, 38),
(196, 305),
(197, 144),
(197, 306),
(198, 307),
(198, 308),
(199, 297),
(199, 309),
(200, 310),
(200, 311),
(201, 227),
(201, 312),
(202, 179),
(202, 313),
(203, 27),
(203, 104),
(204, 314),
(204, 315),
(205, 125),
(205, 316),
(206, 317),
(206, 318),
(207, 64),
(207, 319),
(208, 320),
(208, 321),
(209, 62),
(209, 322),
(210, 323),
(210, 324),
(211, 325),
(211, 326),
(212, 195),
(212, 327),
(213, 241),
(213, 328),
(214, 329),
(214, 330),
(215, 331),
(215, 332),
(216, 333),
(216, 334),
(217, 335),
(217, 336),
(218, 337),
(218, 338),
(219, 42),
(219, 49),
(220, 266),
(220, 339),
(221, 340),
(221, 341),
(222, 342),
(222, 343),
(223, 344),
(223, 345),
(224, 346),
(224, 347),
(225, 348),
(225, 349),
(226, 350),
(226, 351),
(227, 352),
(227, 353),
(228, 354),
(228, 355),
(229, 154),
(229, 356),
(230, 357),
(230, 358),
(231, 38),
(231, 359),
(232, 262),
(232, 360),
(233, 255),
(233, 256),
(234, 361),
(234, 362),
(235, 262),
(235, 363),
(236, 364),
(236, 365),
(237, 153),
(237, 366),
(238, 339),
(238, 367),
(239, 328),
(239, 368),
(240, 369),
(240, 370),
(241, 371),
(241, 372),
(242, 373),
(242, 374),
(243, 375),
(243, 376),
(244, 377),
(244, 378),
(245, 3),
(245, 379),
(246, 266),
(246, 380),
(247, 381),
(247, 382),
(248, 151),
(248, 383),
(249, 384),
(249, 385),
(250, 337),
(250, 386),
(251, 387),
(251, 388),
(252, 179),
(252, 389),
(253, 390),
(253, 391),
(254, 392),
(254, 393),
(255, 394),
(255, 395),
(256, 396),
(256, 397),
(257, 398),
(257, 399),
(258, 109),
(258, 400),
(259, 8),
(259, 277),
(260, 401),
(260, 402),
(261, 24),
(261, 403),
(262, 404),
(262, 405),
(263, 256),
(263, 406),
(264, 303),
(264, 407),
(265, 408),
(265, 409),
(266, 51),
(266, 410),
(267, 411),
(267, 412),
(268, 413),
(268, 414),
(269, 333),
(269, 415),
(270, 312),
(270, 416),
(271, 227),
(271, 417),
(272, 241),
(272, 418),
(273, 297),
(273, 419),
(274, 420),
(274, 421),
(275, 422),
(275, 423),
(276, 111),
(276, 424),
(277, 425),
(277, 426),
(278, 427),
(278, 428),
(279, 129),
(279, 316),
(280, 429),
(280, 430),
(281, 431),
(281, 432),
(282, 433),
(282, 434),
(283, 435),
(283, 436),
(284, 437),
(284, 438),
(285, 31),
(285, 439),
(286, 45),
(286, 440),
(287, 441),
(287, 442),
(288, 97),
(288, 443),
(289, 13),
(289, 444),
(290, 2),
(290, 149),
(291, 4),
(291, 416),
(292, 270),
(292, 445),
(293, 17),
(293, 166),
(294, 2),
(294, 130),
(295, 446),
(295, 447),
(296, 2),
(296, 448),
(297, 449),
(297, 450),
(298, 451),
(298, 452),
(299, 453),
(299, 454),
(300, 36),
(300, 455),
(301, 456),
(301, 457),
(302, 83),
(302, 458),
(303, 303),
(303, 459),
(304, 460),
(304, 461),
(305, 462),
(305, 463),
(306, 464),
(306, 465),
(307, 230),
(307, 241),
(308, 52),
(308, 117),
(309, 49),
(309, 466),
(310, 303),
(310, 467),
(311, 466),
(311, 468),
(312, 469),
(312, 470),
(313, 471),
(313, 472),
(314, 473),
(314, 474),
(315, 99),
(315, 100),
(316, 475),
(316, 476);

-- --------------------------------------------------------

--
-- Struttura della tabella `tfilm_generi`
--

CREATE TABLE `tfilm_generi` (
  `IDfilm` int(11) NOT NULL,
  `IDgenere` int(11) NOT NULL
) ENGINE=InnoDB DEFAULT CHARSET=utf8mb4;

--
-- Dump dei dati per la tabella `tfilm_generi`
--

INSERT INTO `tfilm_generi` (`IDfilm`, `IDgenere`) VALUES
(1, 1),
(1, 4),
(2, 2),
(2, 16),
(3, 3),
(3, 16),
(4, 2),
(5, 4),
(5, 5),
(6, 1),
(6, 6),
(7, 4),
(7, 14),
(8, 8),
(8, 13),
(9, 1),
(9, 4),
(10, 4),
(11, 4),
(11, 6),
(12, 8),
(12, 13),
(13, 5),
(13, 14),
(14, 15),
(14, 16),
(15, 1),
(15, 16),
(16, 2),
(16, 54),
(17, 1),
(17, 4),
(18, 4),
(18, 51),
(19, 1),
(19, 4),
(20, 5),
(20, 54),
(21, 14),
(21, 53),
(22, 2),
(22, 3),
(23, 8),
(23, 54),
(24, 2),
(24, 16),
(26, 8),
(26, 13),
(27, 4),
(27, 14),
(28, 5),
(28, 16),
(29, 16),
(29, 54),
(30, 4),
(30, 13),
(31, 1),
(31, 6),
(32, 12),
(32, 54),
(33, 2),
(33, 16),
(34, 16),
(34, 54),
(35, 4),
(35, 6),
(36, 1),
(36, 54),
(37, 4),
(37, 5),
(38, 16),
(38, 54),
(39, 13),
(39, 14),
(40, 1),
(40, 4),
(41, 1),
(41, 8),
(42, 1),
(42, 8),
(43, 4),
(43, 6),
(44, 12),
(44, 14),
(45, 1),
(45, 5),
(46, 2),
(46, 54),
(47, 8),
(48, 3),
(48, 16),
(49, 2),
(49, 16),
(50, 8),
(62, 16),
(63, 1),
(64, 1),
(65, 4),
(66, 12),
(67, 54),
(68, 16),
(69, 5),
(69, 8),
(70, 2),
(71, 8),
(72, 54),
(73, 5),
(74, 14),
(75, 13),
(76, 53),
(77, 16),
(78, 8),
(79, 4),
(80, 13),
(81, 13),
(82, 2),
(83, 53),
(84, 1),
(85, 1),
(86, 54),
(87, 15),
(88, 3),
(89, 8),
(90, 6),
(91, 12),
(92, 51),
(93, 51),
(94, 16),
(95, 2),
(96, 54),
(97, 14),
(98, 5),
(99, 12),
(100, 1),
(101, 8),
(102, 4),
(103, 13),
(104, 3),
(105, 1),
(106, 3),
(107, 15),
(108, 16),
(109, 4),
(110, 5),
(111, 14),
(112, 2),
(113, 4),
(114, 1),
(115, 4),
(116, 5),
(117, 8),
(118, 4),
(119, 6),
(120, 12),
(121, 4),
(122, 13),
(122, 53),
(123, 2),
(124, 51),
(125, 8),
(126, 14),
(127, 15),
(128, 15),
(129, 5),
(130, 4),
(131, 5),
(132, 51),
(133, 4),
(134, 3),
(135, 13),
(136, 5),
(137, 1),
(138, 6),
(139, 8),
(140, 8),
(141, 3),
(142, 51),
(143, 2),
(144, 3),
(145, 53),
(146, 1),
(147, 8),
(148, 6),
(149, 2),
(150, 4),
(151, 14),
(152, 13),
(153, 3),
(154, 2),
(155, 8),
(156, 4),
(157, 13),
(158, 8),
(159, 53),
(160, 1),
(161, 13),
(162, 16),
(163, 16),
(164, 4),
(165, 12),
(166, 13),
(167, 16),
(168, 51),
(169, 1),
(170, 15),
(171, 4),
(172, 8),
(173, 4),
(174, 12),
(175, 2),
(176, 2),
(177, 8),
(178, 16),
(179, 14),
(180, 8),
(181, 4),
(182, 1),
(183, 13),
(184, 2),
(185, 14),
(186, 2),
(187, 4),
(188, 8),
(189, 1),
(190, 8),
(191, 2),
(192, 1),
(193, 8),
(194, 1),
(195, 1),
(196, 16),
(197, 51),
(198, 16),
(199, 13),
(200, 8),
(201, 16),
(202, 8),
(203, 4),
(204, 12),
(205, 6),
(206, 4),
(207, 4),
(208, 8),
(209, 16),
(210, 1),
(211, 12),
(212, 4),
(213, 5),
(214, 16),
(215, 8),
(216, 54),
(217, 12),
(218, 12),
(219, 15),
(220, 5),
(221, 4),
(222, 51),
(223, 13),
(224, 14),
(225, 8),
(226, 51),
(227, 1),
(228, 4),
(229, 16),
(230, 8),
(231, 15),
(232, 13),
(233, 15),
(234, 4),
(235, 4),
(236, 4),
(237, 1),
(238, 13),
(239, 1),
(240, 5),
(241, 4),
(242, 2),
(243, 12),
(244, 54),
(245, 2),
(246, 16),
(247, 16),
(248, 4),
(249, 8),
(250, 4),
(251, 13),
(252, 4),
(253, 1),
(254, 54),
(255, 4),
(256, 8),
(257, 6),
(258, 8),
(259, 4),
(260, 1),
(261, 6),
(262, 13),
(263, 4),
(264, 4),
(265, 16),
(266, 4),
(267, 8),
(268, 1),
(269, 2),
(270, 16),
(271, 3),
(272, 3),
(273, 8),
(274, 4),
(275, 5),
(276, 8),
(277, 54),
(278, 8),
(279, 8),
(280, 14),
(281, 13),
(282, 8),
(283, 2),
(284, 12),
(285, 53),
(286, 1),
(287, 3),
(288, 16),
(289, 8),
(290, 5),
(291, 8),
(292, 54),
(293, 12),
(294, 1),
(295, 51),
(296, 1),
(297, 14),
(298, 14),
(299, 8),
(300, 2),
(301, 54),
(302, 1),
(303, 4),
(304, 3),
(305, 13),
(306, 8),
(307, 5),
(308, 6),
(309, 8),
(310, 1),
(311, 13),
(312, 4),
(313, 13),
(314, 2),
(315, 5),
(316, 1);

-- --------------------------------------------------------

--
-- Struttura della tabella `tgeneri`
--

CREATE TABLE `tgeneri` (
  `IDgenere` int(11) NOT NULL,
  `genere` varchar(50) NOT NULL
) ENGINE=InnoDB DEFAULT CHARSET=utf8mb4;

--
-- Dump dei dati per la tabella `tgeneri`
--

INSERT INTO `tgeneri` (`IDgenere`, `genere`) VALUES
(1, 'Crime '),
(2, 'Adventure'),
(3, 'Fantasy'),
(4, 'Drama'),
(5, 'Thriller'),
(6, 'Biography'),
(8, 'Comedy'),
(12, 'Horror'),
(13, 'Romance'),
(14, 'Mystery'),
(15, 'Western'),
(16, 'Action'),
(51, 'Guerra'),
(52, 'Prova'),
(53, 'Black'),
(54, 'Fantascienza');

-- --------------------------------------------------------

--
-- Struttura della tabella `tmood`
--

CREATE TABLE `tmood` (
  `IDmood` int(11) NOT NULL,
  `Mood` varchar(50) NOT NULL
) ENGINE=InnoDB DEFAULT CHARSET=utf8mb4;

--
-- Dump dei dati per la tabella `tmood`
--

INSERT INTO `tmood` (`IDmood`, `Mood`) VALUES
(1, 'Relax'),
(2, 'Famiglia'),
(3, 'Spensierato'),
(4, 'Tristezza'),
(5, 'Romantico'),
(6, 'Suspense'),
(7, 'Rabbia Repressa');

-- --------------------------------------------------------

--
-- Struttura della tabella `tregisti`
--

CREATE TABLE `tregisti` (
  `IDregista` int(11) NOT NULL,
  `Regista` varchar(50) CHARACTER SET utf8 NOT NULL
) ENGINE=InnoDB DEFAULT CHARSET=utf8mb4;

--
-- Dump dei dati per la tabella `tregisti`
--

INSERT INTO `tregisti` (`IDregista`, `Regista`) VALUES
(1, 'Francis Ford Coppola'),
(2, 'Steven Spielberg'),
(3, 'Irvin Kershner'),
(4, 'Frank Darabont'),
(5, 'Martin Scorsese'),
(6, 'Stanley Donen e Gene Kelly'),
(7, 'Quentin Tarantino'),
(8, 'David Fincher'),
(9, 'Billy Wilder'),
(10, 'Roman Polanski'),
(11, 'Sergio Leone'),
(12, 'Christopher Nolan'),
(13, 'Stanley Kubrick'),
(14, 'Michael Curtiz'),
(15, 'Ridley Scott'),
(16, 'Carol Reed'),
(17, 'George Lucas'),
(18, 'Robert Zemeckis'),
(19, 'Peter Jackson'),
(20, 'Orson Welles'),
(21, 'John McTiernan'),
(22, 'James Cameron'),
(23, 'Victor Fleming'),
(24, 'George Roy Hill'),
(25, 'Andrej Tarkovskij'),
(26, 'Michael Mann'),
(27, 'Andy e Larry Wachowski'),
(28, 'Alfred Hitchcock'),
(29, 'Francois Truffaut'),
(30, 'Robert Hamer'),
(31, 'Joel ed Ethan Coen'),
(32, 'Elia Kazan'),
(33, 'Rob Reiner'),
(34, 'Sam Raimi'),
(35, 'Akira Kurosawa'),
(294, 'Non Crea'),
(295, 'Martin Campbell'),
(296, 'provaInventato'),
(297, 'Federico Fellini'),
(298, 'Richard Kelly'),
(299, 'David Lean'),
(300, 'Howard Hawks'),
(301, 'Elem Klimov'),
(302, 'Bryan Singer'),
(303, 'Mike Nichols'),
(304, 'Chan-wook Park'),
(305, 'Hal Ashby'),
(306, 'Tim Burton'),
(307, 'Yasujiro Ozu'),
(308, 'Woody Allen'),
(309, 'Krzysztof Kieslowski'),
(310, 'Charles Laughton'),
(311, 'Sidney Lumet'),
(312, 'Michel Gondry'),
(313, 'John Huston'),
(314, 'Michael Powell'),
(315, 'Terrence Malick'),
(316, 'John Sturges'),
(317, 'Terry Gilliam'),
(318, 'Curtis Hanson'),
(319, 'David Lynch'),
(320, 'Brian De Palma'),
(321, 'John Hughes'),
(322, 'Paul Thomas Anderson'),
(323, 'Richard Marquand'),
(324, 'V¡ctor Erice'),
(325, 'Sam Peckinpah'),
(326, 'Sam Mendes'),
(327, 'John Lasseter'),
(328, 'Joel Coen'),
(329, 'Robert Rossen'),
(330, 'Jean Renoir'),
(331, 'Milos Forman'),
(332, 'Fred Zinnemann'),
(333, 'John Landis'),
(334, 'Ermanno Olmi'),
(335, 'Richard Linklater'),
(336, 'Werner Herzog'),
(337, 'Mikhail Kalatozov'),
(338, 'Adam McKay'),
(339, 'Mel Brooks'),
(340, 'Bruce Robinson'),
(341, 'Henri-Georges Clouzot'),
(342, 'Gillo Pontecorvo'),
(343, 'Luis Bu¤uel'),
(344, 'John Cassavetes'),
(345, 'Jonathan Demme'),
(346, 'Jean-Luc Godard'),
(347, 'Sofia Coppola'),
(348, 'Henry Koster'),
(349, 'Guillermo del Toro'),
(350, 'Leo McCarey'),
(351, 'Kevin Costner'),
(352, 'Stuart Rosenberg'),
(353, 'James L. Brooks'),
(354, 'William Cottrell'),
(355, 'Cameron Crowe'),
(356, 'Jean-Paul Rappeneau'),
(357, 'Alan J. Pakula'),
(358, 'Costa-Gavras'),
(359, 'William Friedkin'),
(360, 'Jack Clayton'),
(361, 'Jean-Jacques Beineix'),
(362, 'Tony Scott'),
(363, 'Clint Eastwood'),
(364, 'Wes Anderson'),
(365, 'Peter Weir'),
(366, 'Wes Craven'),
(367, 'John Ford'),
(368, 'Guy Hamilton'),
(369, 'Nicolas Roeg'),
(370, 'Sydney Pollack'),
(371, 'Mathieu Kassovitz'),
(372, 'Richard Donner'),
(373, 'Fernando Meirelles'),
(374, 'H.C. Potter'),
(375, 'Robert Mulligan'),
(376, 'Russ Meye'),
(377, 'Donald Cammell'),
(378, 'Jean-Pierre Melville'),
(379, 'Don Siegel'),
(380, 'Paul Greengrass'),
(381, 'William Wyler'),
(382, 'Ivan Reitman'),
(383, 'Penny Marshall'),
(384, 'Ang Lee'),
(385, 'Vittorio De Sica'),
(386, 'Frank Capra'),
(387, 'Jean-Pierre Jeunet'),
(388, 'Kathryn Bigelow'),
(389, 'Joel & Ethan Coen'),
(390, 'Tobe Hooper'),
(391, 'Oliver Stone'),
(392, 'John Woo'),
(393, 'Terry Jones'),
(394, 'James Whale'),
(395, 'Abel Ferrara'),
(396, 'Bill Forsyth'),
(397, 'Baz Luhrmann'),
(398, 'Fritz Lang'),
(399, 'Roy Andersson'),
(400, 'John Schlesinger'),
(401, 'Jacques Tati'),
(402, 'Todd Haynes'),
(403, 'Robert Altman'),
(404, 'Aleksandr Sokurov'),
(405, 'Terence Davies'),
(406, 'Mike Hodges'),
(407, 'Luc Besson'),
(408, 'Ethan &Joel Coen'),
(409, 'Thomas Vinterberg'),
(410, 'Hayao Miyazaki'),
(411, 'Edgar Wright'),
(412, 'Kinji Fukasaku'),
(413, 'Marc Caro'),
(414, 'Darren Aronofsky'),
(415, 'Giuseppe Tornatore'),
(416, 'John Boulting'),
(417, 'Merian C. Cooper'),
(418, 'Edgar Reitz'),
(419, 'Oliver Hirschbiegel'),
(420, 'George Cukor'),
(421, 'Bob Fosse'),
(422, 'Georg Wilhelm Pabst'),
(423, 'F.W. Murnau'),
(424, 'Luchino Visconti'),
(425, 'Ted Kotcheff'),
(426, 'Ernst Lubitsch'),
(427, 'Marcel Carné'),
(428, 'Edgar G. Ulmer'),
(429, 'Harold Ramis'),
(430, 'Phil Alden Robinson'),
(431, 'Wolfgang Petersen'),
(432, 'Terry Zwigoff'),
(433, 'George Stevens'),
(434, 'Cristi Puiu'),
(435, 'Dario Argento'),
(436, 'Frank Miller'),
(437, 'Matthew Vaughn'),
(438, 'Stanley Donen'),
(439, 'George Miller'),
(440, 'Neil Jordan'),
(441, 'Andrei Tarkovsky'),
(442, 'Michelangelo Antonioni'),
(443, 'Mike Leigh'),
(444, 'John Carpenter'),
(445, 'Jean Cocteau'),
(446, 'Jean Eustache'),
(447, 'Albert Lamorisse'),
(448, 'Preston Sturges'),
(449, 'Ingmar Bergman'),
(450, 'Makoto Shinkai'),
(451, 'funziona');

-- --------------------------------------------------------

--
-- Struttura della tabella `tstato`
--

CREATE TABLE `tstato` (
  `IDstato` int(11) NOT NULL,
  `stato` varchar(50) NOT NULL
) ENGINE=InnoDB DEFAULT CHARSET=utf8mb4;

--
-- Dump dei dati per la tabella `tstato`
--

INSERT INTO `tstato` (`IDstato`, `stato`) VALUES
(1, 'Visto'),
(2, 'Non Visto'),
(3, 'Da Guardare'),
(4, 'Droppato'),
(5, 'Da Riguardare'),
(6, 'Da Finire');

--
-- Indici per le tabelle scaricate
--

--
-- Indici per le tabelle `film`
--
ALTER TABLE `film`
  ADD PRIMARY KEY (`IDfilm`);

--
-- Indici per le tabelle `tattori`
--
ALTER TABLE `tattori`
  ADD PRIMARY KEY (`IDattore`);

--
-- Indici per le tabelle `tcitazioni`
--
ALTER TABLE `tcitazioni`
  ADD PRIMARY KEY (`Citazione`);

--
-- Indici per le tabelle `tfilm_attori`
--
ALTER TABLE `tfilm_attori`
  ADD PRIMARY KEY (`IDfilm`,`IDattore`);

--
-- Indici per le tabelle `tfilm_generi`
--
ALTER TABLE `tfilm_generi`
  ADD PRIMARY KEY (`IDfilm`,`IDgenere`);

--
-- Indici per le tabelle `tgeneri`
--
ALTER TABLE `tgeneri`
  ADD PRIMARY KEY (`IDgenere`);

--
-- Indici per le tabelle `tmood`
--
ALTER TABLE `tmood`
  ADD PRIMARY KEY (`IDmood`);

--
-- Indici per le tabelle `tregisti`
--
ALTER TABLE `tregisti`
  ADD PRIMARY KEY (`IDregista`);

--
-- Indici per le tabelle `tstato`
--
ALTER TABLE `tstato`
  ADD PRIMARY KEY (`IDstato`);

--
-- AUTO_INCREMENT per le tabelle scaricate
--

--
-- AUTO_INCREMENT per la tabella `film`
--
ALTER TABLE `film`
  MODIFY `IDfilm` int(11) NOT NULL AUTO_INCREMENT, AUTO_INCREMENT=317;

--
-- AUTO_INCREMENT per la tabella `tattori`
--
ALTER TABLE `tattori`
  MODIFY `IDattore` int(11) NOT NULL AUTO_INCREMENT, AUTO_INCREMENT=477;

--
-- AUTO_INCREMENT per la tabella `tgeneri`
--
ALTER TABLE `tgeneri`
  MODIFY `IDgenere` int(11) NOT NULL AUTO_INCREMENT, AUTO_INCREMENT=55;

--
-- AUTO_INCREMENT per la tabella `tmood`
--
ALTER TABLE `tmood`
  MODIFY `IDmood` int(11) NOT NULL AUTO_INCREMENT, AUTO_INCREMENT=8;

--
-- AUTO_INCREMENT per la tabella `tregisti`
--
ALTER TABLE `tregisti`
  MODIFY `IDregista` int(11) NOT NULL AUTO_INCREMENT, AUTO_INCREMENT=452;

--
-- AUTO_INCREMENT per la tabella `tstato`
--
ALTER TABLE `tstato`
  MODIFY `IDstato` int(11) NOT NULL AUTO_INCREMENT, AUTO_INCREMENT=7;
COMMIT;

/*!40101 SET CHARACTER_SET_CLIENT=@OLD_CHARACTER_SET_CLIENT */;
/*!40101 SET CHARACTER_SET_RESULTS=@OLD_CHARACTER_SET_RESULTS */;
/*!40101 SET COLLATION_CONNECTION=@OLD_COLLATION_CONNECTION */;
